timestamp,open,high,low,close,volume,symbol,interval,source
2026-03-04 23:00:00+00:00,72717.89,72888.49,72334.37,72685.14,118408210.99,BTCUSD,1h,cryptocompare
2026-03-05 00:00:00+00:00,72685.14,73017.68,72573.27,72784.88,87118090.8,BTCUSD,1h,cryptocompare
2026-03-05 01:00:00+00:00,72784.88,73307.95,72428.78,72555.63,111672019.5,BTCUSD,1h,cryptocompare
2026-03-05 02:00:00+00:00,72555.63,72900.57,72354.13,72519.43,85062952.8,BTCUSD,1h,cryptocompare
2026-03-05 03:00:00+00:00,72519.43,72764.37,72364.71,72511.97,69245785.33,BTCUSD,1h,cryptocompare
2026-03-05 04:00:00+00:00,72511.97,73097.46,72467.67,72833.45,73871494.94,BTCUSD,1h,cryptocompare
2026-03-05 05:00:00+00:00,72833.45,72931.42,72279.4,72431.86,62907959.94,BTCUSD,1h,cryptocompare
2026-03-05 06:00:00+00:00,72431.86,72674.73,72057.67,72561.96,76579837.48,BTCUSD,1h,cryptocompare
2026-03-05 07:00:00+00:00,72561.96,72676.91,71794.97,72069.24,82500846.87,BTCUSD,1h,cryptocompare
2026-03-05 08:00:00+00:00,72069.24,72382.18,71772.24,72351.03,65587452.23,BTCUSD,1h,cryptocompare
2026-03-05 09:00:00+00:00,72351.03,72895.49,72311.88,72615.39,86190690.28,BTCUSD,1h,cryptocompare
2026-03-05 10:00:00+00:00,72615.39,73580.61,72544.58,73414.03,127522286.03,BTCUSD,1h,cryptocompare
2026-03-05 11:00:00+00:00,73414.03,73475.94,72803.72,72929.51,74906923.54,BTCUSD,1h,cryptocompare
2026-03-05 12:00:00+00:00,72929.51,73082.61,72681.02,72908.64,80259584.41,BTCUSD,1h,cryptocompare
2026-03-05 13:00:00+00:00,72908.64,72954.96,72214.79,72487.69,122578827.09,BTCUSD,1h,cryptocompare
2026-03-05 14:00:00+00:00,72487.69,72847.93,71982.6,72626.01,237939856.44,BTCUSD,1h,cryptocompare
2026-03-05 15:00:00+00:00,72626.01,72783.87,71175.47,71665.99,286884154.1,BTCUSD,1h,cryptocompare
2026-03-05 16:00:00+00:00,71665.99,71668.83,70810.39,71318.12,264622447.96,BTCUSD,1h,cryptocompare
2026-03-05 17:00:00+00:00,71318.12,71583.96,70649.03,70705.36,199122346.26,BTCUSD,1h,cryptocompare
2026-03-05 18:00:00+00:00,70705.36,71080.47,70658.6,70991.21,149882957.2,BTCUSD,1h,cryptocompare
2026-03-05 19:00:00+00:00,70991.21,71426.96,70865.7,70921.06,124997560.21,BTCUSD,1h,cryptocompare
2026-03-05 20:00:00+00:00,70921.06,71379.88,70842.91,71242.68,130908390.54,BTCUSD,1h,cryptocompare
2026-03-05 21:00:00+00:00,71242.68,71570.35,71031.35,71141.83,99342772.36,BTCUSD,1h,cryptocompare
2026-03-05 22:00:00+00:00,71141.83,71356.42,71080.27,71219.46,51513513.94,BTCUSD,1h,cryptocompare
2026-03-05 23:00:00+00:00,71219.46,71304.07,70786.27,70883.43,67468986.56,BTCUSD,1h,cryptocompare
2026-03-06 00:00:00+00:00,70883.43,71051.97,70789.64,70981.95,57475775.09,BTCUSD,1h,cryptocompare
2026-03-06 01:00:00+00:00,70981.95,71295.53,70394.6,71257.1,117628736.09,BTCUSD,1h,cryptocompare
2026-03-06 02:00:00+00:00,71257.1,71415.18,71038.1,71246.28,74818806.06,BTCUSD,1h,cryptocompare
2026-03-06 03:00:00+00:00,71246.28,71292.24,71000.59,71085.61,46199300.16,BTCUSD,1h,cryptocompare
2026-03-06 04:00:00+00:00,71085.61,71117.36,70278.56,70617.75,81468149.13,BTCUSD,1h,cryptocompare
2026-03-06 05:00:00+00:00,70617.75,70659.42,70142.16,70435.59,80904353.02,BTCUSD,1h,cryptocompare
2026-03-06 06:00:00+00:00,70435.59,70845.39,70270.08,70601.52,46701406.28,BTCUSD,1h,cryptocompare
2026-03-06 07:00:00+00:00,70601.52,71182.14,70475.25,71064.79,68509598.67,BTCUSD,1h,cryptocompare
2026-03-06 08:00:00+00:00,71064.79,71072.13,70747.63,70789.17,59305493.75,BTCUSD,1h,cryptocompare
2026-03-06 09:00:00+00:00,70789.17,70813.28,70301.13,70564.81,70942868.55,BTCUSD,1h,cryptocompare
2026-03-06 10:00:00+00:00,70564.81,70792.98,70466.21,70535.51,53449959.85,BTCUSD,1h,cryptocompare
2026-03-06 11:00:00+00:00,70535.51,70637.23,70198.67,70222.77,62176838.56,BTCUSD,1h,cryptocompare
2026-03-06 12:00:00+00:00,70222.77,70232.78,69668.24,69937.77,164503289.47,BTCUSD,1h,cryptocompare
2026-03-06 13:00:00+00:00,69937.77,70318.49,69223.21,69231.96,214219008.47,BTCUSD,1h,cryptocompare
2026-03-06 14:00:00+00:00,69231.96,69273.5,68172.43,68386.44,382954445.01,BTCUSD,1h,cryptocompare
2026-03-06 15:00:00+00:00,68386.44,69110.76,68310.45,68501.76,236299829.27,BTCUSD,1h,cryptocompare
2026-03-06 16:00:00+00:00,68501.76,68794.58,68223.03,68446.74,153039027.43,BTCUSD,1h,cryptocompare
2026-03-06 17:00:00+00:00,68446.74,68642.43,67734.1,67953.15,165419919.21,BTCUSD,1h,cryptocompare
2026-03-06 18:00:00+00:00,67953.15,68471.79,67946.93,68171.13,116990927.95,BTCUSD,1h,cryptocompare
2026-03-06 19:00:00+00:00,68171.13,68464.78,67998.17,68118.4,85467913.92,BTCUSD,1h,cryptocompare
2026-03-06 20:00:00+00:00,68118.4,68275.24,67766.56,68102.02,122949638.2,BTCUSD,1h,cryptocompare
2026-03-06 21:00:00+00:00,68102.02,68327.68,67928.45,68287.11,92499794.39,BTCUSD,1h,cryptocompare
2026-03-06 22:00:00+00:00,68287.11,68432.04,68226.28,68324.13,45174296.25,BTCUSD,1h,cryptocompare
2026-03-06 23:00:00+00:00,68324.13,68364.96,68095.79,68110.63,35547334.09,BTCUSD,1h,cryptocompare
2026-03-07 00:00:00+00:00,68110.63,68382.47,68106.27,68284.04,29210542.92,BTCUSD,1h,cryptocompare
2026-03-07 01:00:00+00:00,68284.04,68357.99,68179.83,68254.5,24562975.37,BTCUSD,1h,cryptocompare
2026-03-07 02:00:00+00:00,68254.5,68360.66,68054.66,68343.58,34353986.61,BTCUSD,1h,cryptocompare
2026-03-07 03:00:00+00:00,68343.58,68536.12,68099.73,68099.78,48625094.57,BTCUSD,1h,cryptocompare
2026-03-07 04:00:00+00:00,68099.78,68145.96,67810.58,68060.63,29928516.56,BTCUSD,1h,cryptocompare
2026-03-07 05:00:00+00:00,68060.63,68136.17,67907.65,68012.71,26915622.05,BTCUSD,1h,cryptocompare
2026-03-07 06:00:00+00:00,68012.71,68021.29,67610.78,67688.48,36481438.86,BTCUSD,1h,cryptocompare
2026-03-07 07:00:00+00:00,67688.48,67859.6,67444.66,67840.98,45669687.19,BTCUSD,1h,cryptocompare
2026-03-07 08:00:00+00:00,67840.98,68035.26,67721.96,67799.21,26154343.87,BTCUSD,1h,cryptocompare
2026-03-07 09:00:00+00:00,67799.21,68069.2,67734.84,68002.53,15318446.66,BTCUSD,1h,cryptocompare
2026-03-07 10:00:00+00:00,68002.53,68100.32,67873.34,67885.79,19859505.19,BTCUSD,1h,cryptocompare
2026-03-07 11:00:00+00:00,67885.79,68231.44,67844.42,68012.76,31028399.3,BTCUSD,1h,cryptocompare
2026-03-07 12:00:00+00:00,68012.76,68083.67,67897.62,67989.83,21144467.17,BTCUSD,1h,cryptocompare
2026-03-07 13:00:00+00:00,67989.83,68081.87,67859.75,67923.62,32530020.61,BTCUSD,1h,cryptocompare
2026-03-07 14:00:00+00:00,67923.62,68078.55,67614.59,68022.24,42534691.21,BTCUSD,1h,cryptocompare
2026-03-07 15:00:00+00:00,68022.24,68028.16,67778.26,67880.04,35253159.6,BTCUSD,1h,cryptocompare
2026-03-07 16:00:00+00:00,67880.04,67894.49,67705.51,67792.0,24229727.96,BTCUSD,1h,cryptocompare
2026-03-07 17:00:00+00:00,67792.0,67938.99,67768.15,67784.14,17154947.4,BTCUSD,1h,cryptocompare
2026-03-07 18:00:00+00:00,67784.14,67785.22,67495.66,67569.47,42514431.55,BTCUSD,1h,cryptocompare
2026-03-07 19:00:00+00:00,67569.47,67569.71,66935.38,67086.39,95518879.78,BTCUSD,1h,cryptocompare
2026-03-07 20:00:00+00:00,67086.39,67430.52,67075.02,67395.25,40956319.12,BTCUSD,1h,cryptocompare
2026-03-07 21:00:00+00:00,67395.25,67480.49,67280.0,67449.47,32087396.34,BTCUSD,1h,cryptocompare
2026-03-07 22:00:00+00:00,67449.47,67468.48,67103.46,67259.24,32554703.37,BTCUSD,1h,cryptocompare
2026-03-07 23:00:00+00:00,67259.24,67399.7,67188.71,67261.55,24793706.27,BTCUSD,1h,cryptocompare
2026-03-08 00:00:00+00:00,67261.55,67480.2,67175.1,67194.31,29101073.13,BTCUSD,1h,cryptocompare
2026-03-08 01:00:00+00:00,67194.31,67351.3,67092.04,67295.92,27392056.61,BTCUSD,1h,cryptocompare
2026-03-08 02:00:00+00:00,67295.92,67421.16,66845.81,66921.12,55674040.78,BTCUSD,1h,cryptocompare
2026-03-08 03:00:00+00:00,66921.12,67080.53,66850.2,67002.39,40369183.41,BTCUSD,1h,cryptocompare
2026-03-08 04:00:00+00:00,67002.39,67086.96,66552.66,66632.99,41163467.0,BTCUSD,1h,cryptocompare
2026-03-08 05:00:00+00:00,66632.99,67240.53,66617.8,67144.93,33058883.29,BTCUSD,1h,cryptocompare
2026-03-08 06:00:00+00:00,67144.93,67228.25,67038.39,67164.22,18658686.79,BTCUSD,1h,cryptocompare
2026-03-08 07:00:00+00:00,67164.22,67449.31,67152.54,67316.68,27329595.12,BTCUSD,1h,cryptocompare
2026-03-08 08:00:00+00:00,67316.68,67566.01,67163.19,67531.99,31554169.26,BTCUSD,1h,cryptocompare
2026-03-08 09:00:00+00:00,67531.99,67890.89,67469.93,67696.05,42987553.04,BTCUSD,1h,cryptocompare
2026-03-08 10:00:00+00:00,67696.05,68191.22,67692.12,67895.5,44497002.73,BTCUSD,1h,cryptocompare
2026-03-08 11:00:00+00:00,67895.5,67895.68,67415.33,67517.64,35166050.26,BTCUSD,1h,cryptocompare
2026-03-08 12:00:00+00:00,67517.64,67644.8,66899.61,67316.8,72599665.43,BTCUSD,1h,cryptocompare
2026-03-08 13:00:00+00:00,67316.8,67426.02,66831.33,67233.66,75468287.01,BTCUSD,1h,cryptocompare
2026-03-08 14:00:00+00:00,67233.66,67415.25,67051.61,67333.78,42265018.99,BTCUSD,1h,cryptocompare
2026-03-08 15:00:00+00:00,67333.78,67363.4,67075.21,67206.82,42458674.05,BTCUSD,1h,cryptocompare
2026-03-08 16:00:00+00:00,67206.82,67256.8,66803.62,66868.32,51187050.26,BTCUSD,1h,cryptocompare
2026-03-08 17:00:00+00:00,66868.32,67172.17,66799.57,67045.48,53728612.41,BTCUSD,1h,cryptocompare
2026-03-08 18:00:00+00:00,67045.48,67063.53,66751.74,66814.3,38240565.97,BTCUSD,1h,cryptocompare
2026-03-08 19:00:00+00:00,66814.3,67458.48,66779.58,67327.26,61959185.96,BTCUSD,1h,cryptocompare
2026-03-08 20:00:00+00:00,67327.26,67508.38,67022.94,67222.39,79123897.6,BTCUSD,1h,cryptocompare
2026-03-08 21:00:00+00:00,67222.39,67252.54,66720.3,67005.64,60784708.78,BTCUSD,1h,cryptocompare
2026-03-08 22:00:00+00:00,67005.64,67008.1,65631.31,66239.41,289714616.53,BTCUSD,1h,cryptocompare
2026-03-08 23:00:00+00:00,66239.41,66569.9,65931.85,65974.07,99138503.24,BTCUSD,1h,cryptocompare
2026-03-09 00:00:00+00:00,65974.07,66743.25,65835.73,66363.87,117926717.49,BTCUSD,1h,cryptocompare
2026-03-09 01:00:00+00:00,66363.87,66686.36,66129.85,66199.53,97884832.88,BTCUSD,1h,cryptocompare
2026-03-09 02:00:00+00:00,66199.53,66705.2,65960.42,66538.75,92386921.27,BTCUSD,1h,cryptocompare
2026-03-09 03:00:00+00:00,66538.75,67662.25,66519.27,67203.82,129287811.1,BTCUSD,1h,cryptocompare
2026-03-09 04:00:00+00:00,67203.82,67604.02,67110.73,67142.0,73457138.21,BTCUSD,1h,cryptocompare
2026-03-09 05:00:00+00:00,67142.0,68052.93,67121.91,67900.11,81036677.62,BTCUSD,1h,cryptocompare
2026-03-09 06:00:00+00:00,67900.11,67924.09,67243.1,67258.24,45351328.03,BTCUSD,1h,cryptocompare
2026-03-09 07:00:00+00:00,67258.24,67553.95,66894.38,67535.02,61232925.61,BTCUSD,1h,cryptocompare
2026-03-09 08:00:00+00:00,67535.02,67912.91,67383.62,67799.63,75504494.34,BTCUSD,1h,cryptocompare
2026-03-09 09:00:00+00:00,67799.63,68452.74,67566.76,67975.36,84223030.93,BTCUSD,1h,cryptocompare
2026-03-09 10:00:00+00:00,67975.36,68070.94,67548.7,67600.36,56439148.78,BTCUSD,1h,cryptocompare
2026-03-09 11:00:00+00:00,67600.36,67846.4,67333.9,67754.79,49667276.46,BTCUSD,1h,cryptocompare
2026-03-09 12:00:00+00:00,67754.79,68332.58,67748.02,68149.87,88791970.24,BTCUSD,1h,cryptocompare
2026-03-09 13:00:00+00:00,68149.87,69313.81,68131.92,68990.5,270965233.07,BTCUSD,1h,cryptocompare
2026-03-09 14:00:00+00:00,68990.5,69492.76,68709.63,69167.03,299054421.41,BTCUSD,1h,cryptocompare
2026-03-09 15:00:00+00:00,69167.03,69277.92,68757.65,68889.97,162139885.79,BTCUSD,1h,cryptocompare
2026-03-09 16:00:00+00:00,68889.97,69242.39,68654.74,68974.62,153837463.93,BTCUSD,1h,cryptocompare
2026-03-09 17:00:00+00:00,68974.62,69101.39,68287.56,68618.12,123362926.38,BTCUSD,1h,cryptocompare
2026-03-09 18:00:00+00:00,68618.12,68716.71,68250.59,68369.32,111925278.48,BTCUSD,1h,cryptocompare
2026-03-09 19:00:00+00:00,68369.32,69537.79,68369.3,69011.95,246738476.2,BTCUSD,1h,cryptocompare
2026-03-09 20:00:00+00:00,69011.95,69169.81,68779.76,68980.51,137072271.73,BTCUSD,1h,cryptocompare
2026-03-09 21:00:00+00:00,68980.51,69114.57,68684.46,68931.94,52248894.06,BTCUSD,1h,cryptocompare
2026-03-09 22:00:00+00:00,68931.94,69037.03,68615.11,68647.49,48909300.59,BTCUSD,1h,cryptocompare
2026-03-09 23:00:00+00:00,68647.49,68703.08,68386.44,68438.57,50031739.57,BTCUSD,1h,cryptocompare
2026-03-10 00:00:00+00:00,68438.57,69294.97,68390.84,69163.77,82677909.89,BTCUSD,1h,cryptocompare
2026-03-10 01:00:00+00:00,69163.77,69388.09,68812.5,69270.0,64195405.82,BTCUSD,1h,cryptocompare
2026-03-10 02:00:00+00:00,69270.0,70589.53,69119.37,70278.5,160033273.08,BTCUSD,1h,cryptocompare
2026-03-10 03:00:00+00:00,70278.5,70374.46,69391.58,69435.8,98385021.28,BTCUSD,1h,cryptocompare
2026-03-10 04:00:00+00:00,69435.8,70124.75,69435.8,70073.87,56088781.17,BTCUSD,1h,cryptocompare
2026-03-10 05:00:00+00:00,70073.87,70362.75,69897.19,69975.25,51903383.47,BTCUSD,1h,cryptocompare
2026-03-10 06:00:00+00:00,69975.25,70190.86,69768.28,69921.79,50389245.51,BTCUSD,1h,cryptocompare
2026-03-10 07:00:00+00:00,69921.79,70527.4,69840.12,70410.82,95183169.48,BTCUSD,1h,cryptocompare
2026-03-10 08:00:00+00:00,70410.82,71095.62,70391.84,70695.2,115667722.51,BTCUSD,1h,cryptocompare
2026-03-10 09:00:00+00:00,70695.2,71301.96,70670.0,71073.13,91070309.51,BTCUSD,1h,cryptocompare
2026-03-10 10:00:00+00:00,71073.13,71092.18,70684.21,70781.62,68267646.13,BTCUSD,1h,cryptocompare
2026-03-10 11:00:00+00:00,70781.62,70876.55,70557.53,70612.86,58123256.08,BTCUSD,1h,cryptocompare
2026-03-10 12:00:00+00:00,70612.86,70642.66,70319.47,70536.79,96799940.84,BTCUSD,1h,cryptocompare
2026-03-10 13:00:00+00:00,70536.79,70940.46,69739.1,69928.53,201685724.73,BTCUSD,1h,cryptocompare
2026-03-10 14:00:00+00:00,69928.53,71541.3,69296.4,71479.86,312189913.72,BTCUSD,1h,cryptocompare
2026-03-10 15:00:00+00:00,71479.86,71784.73,70929.52,71369.21,200420871.52,BTCUSD,1h,cryptocompare
2026-03-10 16:00:00+00:00,71369.21,71735.8,70976.34,71289.48,202181406.91,BTCUSD,1h,cryptocompare
2026-03-10 17:00:00+00:00,71289.48,71475.05,70534.23,70891.19,179594435.73,BTCUSD,1h,cryptocompare
2026-03-10 18:00:00+00:00,70891.19,70933.69,69912.39,70026.72,218622016.56,BTCUSD,1h,cryptocompare
2026-03-10 19:00:00+00:00,70026.72,70289.36,69742.86,70054.63,164283964.03,BTCUSD,1h,cryptocompare
2026-03-10 20:00:00+00:00,70054.63,70358.05,70020.72,70253.87,109296050.0,BTCUSD,1h,cryptocompare
2026-03-10 21:00:00+00:00,70253.87,70429.25,69565.38,69776.11,118360756.03,BTCUSD,1h,cryptocompare
2026-03-10 22:00:00+00:00,69776.11,69880.79,69470.98,69712.9,63410596.29,BTCUSD,1h,cryptocompare
2026-03-10 23:00:00+00:00,69712.9,69979.63,69706.64,69961.25,70028756.5,BTCUSD,1h,cryptocompare
2026-03-11 00:00:00+00:00,69961.25,70175.44,69774.98,70051.9,82354178.24,BTCUSD,1h,cryptocompare
2026-03-11 01:00:00+00:00,70051.9,70151.91,69896.8,70087.29,55601283.14,BTCUSD,1h,cryptocompare
2026-03-11 02:00:00+00:00,70087.29,70128.82,69632.74,69826.91,59236281.87,BTCUSD,1h,cryptocompare
2026-03-11 03:00:00+00:00,69826.91,69903.68,69505.25,69560.9,43432483.06,BTCUSD,1h,cryptocompare
2026-03-11 04:00:00+00:00,69560.9,70268.42,69510.18,70144.24,44691704.56,BTCUSD,1h,cryptocompare
2026-03-11 05:00:00+00:00,70144.24,70203.21,69436.54,69512.8,51727601.55,BTCUSD,1h,cryptocompare
2026-03-11 06:00:00+00:00,69512.8,69993.11,69504.75,69952.54,37051508.39,BTCUSD,1h,cryptocompare
2026-03-11 07:00:00+00:00,69952.54,70024.6,69512.98,69664.75,41740662.66,BTCUSD,1h,cryptocompare
2026-03-11 08:00:00+00:00,69664.75,69772.44,69511.35,69660.17,48124318.2,BTCUSD,1h,cryptocompare
2026-03-11 09:00:00+00:00,69660.17,69751.7,69398.32,69470.29,39524593.38,BTCUSD,1h,cryptocompare
2026-03-11 10:00:00+00:00,69470.29,69724.22,69404.66,69619.2,40135066.99,BTCUSD,1h,cryptocompare
2026-03-11 11:00:00+00:00,69619.2,69684.71,69171.8,69184.69,51411981.72,BTCUSD,1h,cryptocompare
2026-03-11 12:00:00+00:00,69184.69,69761.01,68986.08,69368.64,127474456.11,BTCUSD,1h,cryptocompare
2026-03-11 13:00:00+00:00,69368.64,71094.84,69349.51,70191.53,279392225.63,BTCUSD,1h,cryptocompare
2026-03-11 14:00:00+00:00,70191.53,71007.68,69983.41,70594.21,292730714.5,BTCUSD,1h,cryptocompare
2026-03-11 15:00:00+00:00,70594.21,70670.35,69733.78,70255.01,175624698.85,BTCUSD,1h,cryptocompare
2026-03-11 16:00:00+00:00,70255.01,70846.35,70194.72,70592.81,158871014.07,BTCUSD,1h,cryptocompare
2026-03-11 17:00:00+00:00,70592.81,71346.32,70542.41,70803.37,227795552.88,BTCUSD,1h,cryptocompare
2026-03-11 18:00:00+00:00,70803.37,70916.09,70445.54,70644.15,153805303.83,BTCUSD,1h,cryptocompare
2026-03-11 19:00:00+00:00,70644.15,70764.66,70408.45,70668.6,120532426.6,BTCUSD,1h,cryptocompare
2026-03-11 20:00:00+00:00,70668.6,70712.16,70421.0,70650.53,94850904.9,BTCUSD,1h,cryptocompare
2026-03-11 21:00:00+00:00,70650.53,70798.62,70515.63,70764.58,59264970.66,BTCUSD,1h,cryptocompare
2026-03-11 22:00:00+00:00,70764.58,70954.12,70262.99,70386.87,75389322.09,BTCUSD,1h,cryptocompare
2026-03-11 23:00:00+00:00,70386.87,70517.72,70142.58,70205.19,57514039.29,BTCUSD,1h,cryptocompare
2026-03-12 00:00:00+00:00,70205.19,70364.81,70151.95,70232.46,47160171.4,BTCUSD,1h,cryptocompare
2026-03-12 01:00:00+00:00,70232.46,70236.71,69769.48,69840.34,80202002.01,BTCUSD,1h,cryptocompare
2026-03-12 02:00:00+00:00,69840.34,69890.25,69237.6,69302.21,80846983.91,BTCUSD,1h,cryptocompare
2026-03-12 03:00:00+00:00,69302.21,69624.51,69245.37,69447.83,45019828.93,BTCUSD,1h,cryptocompare
2026-03-12 04:00:00+00:00,69447.83,69674.57,69301.82,69379.79,41120445.89,BTCUSD,1h,cryptocompare
2026-03-12 05:00:00+00:00,69379.79,69545.94,69210.99,69474.31,29883043.65,BTCUSD,1h,cryptocompare
2026-03-12 06:00:00+00:00,69474.31,69559.4,69365.29,69495.63,37145156.02,BTCUSD,1h,cryptocompare
2026-03-12 07:00:00+00:00,69495.63,69856.38,69420.98,69828.76,47668822.46,BTCUSD,1h,cryptocompare
2026-03-12 08:00:00+00:00,69828.76,70114.38,69711.03,69912.61,60183581.57,BTCUSD,1h,cryptocompare
2026-03-12 09:00:00+00:00,69912.61,70392.48,69590.31,69966.45,66303802.98,BTCUSD,1h,cryptocompare
2026-03-12 10:00:00+00:00,69966.45,70522.28,69868.6,70432.12,73868358.17,BTCUSD,1h,cryptocompare
2026-03-12 11:00:00+00:00,70432.12,70804.8,70385.76,70443.28,77087396.7,BTCUSD,1h,cryptocompare
2026-03-12 12:00:00+00:00,70443.28,70629.18,70297.67,70400.49,78477502.0,BTCUSD,1h,cryptocompare
2026-03-12 13:00:00+00:00,70400.49,70539.4,69713.36,69989.5,206141901.65,BTCUSD,1h,cryptocompare
2026-03-12 14:00:00+00:00,69989.5,70677.18,69368.33,69603.14,293626979.97,BTCUSD,1h,cryptocompare
2026-03-12 15:00:00+00:00,69603.14,70583.39,69495.25,70357.32,213536923.81,BTCUSD,1h,cryptocompare
2026-03-12 16:00:00+00:00,70357.32,70570.47,69930.94,70405.75,188160758.97,BTCUSD,1h,cryptocompare
2026-03-12 17:00:00+00:00,70405.75,70574.95,70106.53,70238.46,123071273.84,BTCUSD,1h,cryptocompare
2026-03-12 18:00:00+00:00,70238.46,70317.07,69820.29,69838.07,99711483.61,BTCUSD,1h,cryptocompare
2026-03-12 19:00:00+00:00,69838.07,70571.5,69785.54,70459.92,163051894.72,BTCUSD,1h,cryptocompare
2026-03-12 20:00:00+00:00,70459.92,70576.67,70130.41,70181.31,109631602.82,BTCUSD,1h,cryptocompare
2026-03-12 21:00:00+00:00,70181.31,70481.46,70181.31,70290.74,38508744.32,BTCUSD,1h,cryptocompare
2026-03-12 22:00:00+00:00,70290.74,70308.86,70025.53,70181.29,41664777.15,BTCUSD,1h,cryptocompare
2026-03-12 23:00:00+00:00,70181.29,70745.9,70167.27,70527.68,80308160.89,BTCUSD,1h,cryptocompare
2026-03-13 00:00:00+00:00,70527.68,72024.62,70402.18,71480.41,223928476.83,BTCUSD,1h,cryptocompare
2026-03-13 01:00:00+00:00,71480.41,71759.81,71295.52,71666.7,86606382.86,BTCUSD,1h,cryptocompare
2026-03-13 02:00:00+00:00,71666.7,71695.11,71059.04,71150.51,74918504.32,BTCUSD,1h,cryptocompare
2026-03-13 03:00:00+00:00,71150.51,71506.51,70973.68,71412.06,56230899.17,BTCUSD,1h,cryptocompare
2026-03-13 04:00:00+00:00,71412.06,71501.15,71256.9,71392.05,39509175.11,BTCUSD,1h,cryptocompare
2026-03-13 05:00:00+00:00,71392.05,71638.52,71244.05,71558.86,55404710.32,BTCUSD,1h,cryptocompare
2026-03-13 06:00:00+00:00,71558.86,71594.99,71190.68,71353.39,43578746.95,BTCUSD,1h,cryptocompare
2026-03-13 07:00:00+00:00,71353.39,71681.01,71253.2,71631.48,59636263.13,BTCUSD,1h,cryptocompare
2026-03-13 08:00:00+00:00,71631.48,72153.86,71399.53,71839.81,98284192.79,BTCUSD,1h,cryptocompare
2026-03-13 09:00:00+00:00,71839.81,72118.24,71608.06,72019.13,54066488.08,BTCUSD,1h,cryptocompare
2026-03-13 10:00:00+00:00,72019.13,72599.91,72014.35,72482.38,118827941.47,BTCUSD,1h,cryptocompare
2026-03-13 11:00:00+00:00,72482.38,72547.71,72228.11,72245.69,57808997.66,BTCUSD,1h,cryptocompare
2026-03-13 12:00:00+00:00,72245.69,72893.73,72229.82,72799.17,134611004.78,BTCUSD,1h,cryptocompare
2026-03-13 13:00:00+00:00,72799.17,73615.96,72709.54,73410.84,252281899.03,BTCUSD,1h,cryptocompare
2026-03-13 14:00:00+00:00,73410.84,73942.2,72392.95,72408.0,291542034.18,BTCUSD,1h,cryptocompare
2026-03-13 15:00:00+00:00,72408.0,72865.22,71754.65,71850.56,261176118.69,BTCUSD,1h,cryptocompare
2026-03-13 16:00:00+00:00,71850.56,72114.73,71170.41,71904.86,235856966.79,BTCUSD,1h,cryptocompare
2026-03-13 17:00:00+00:00,71904.86,72264.16,70912.55,71038.79,221111459.56,BTCUSD,1h,cryptocompare
2026-03-13 18:00:00+00:00,71038.79,71354.19,70852.25,71056.74,135024016.78,BTCUSD,1h,cryptocompare
2026-03-13 19:00:00+00:00,71056.74,71313.69,71017.15,71184.94,107773319.98,BTCUSD,1h,cryptocompare
2026-03-13 20:00:00+00:00,71184.94,71474.83,71157.82,71356.58,65769757.08,BTCUSD,1h,cryptocompare
2026-03-13 21:00:00+00:00,71356.58,71487.85,71070.78,71108.83,43672516.94,BTCUSD,1h,cryptocompare
2026-03-13 22:00:00+00:00,71108.83,71192.62,70567.66,70819.5,84131579.14,BTCUSD,1h,cryptocompare
2026-03-13 23:00:00+00:00,70819.5,71012.75,70713.06,70941.65,47540015.94,BTCUSD,1h,cryptocompare
2026-03-14 00:00:00+00:00,70941.65,70957.44,70568.01,70649.39,55043931.78,BTCUSD,1h,cryptocompare
2026-03-14 01:00:00+00:00,70649.39,70912.65,70494.57,70840.96,44882460.03,BTCUSD,1h,cryptocompare
2026-03-14 02:00:00+00:00,70840.96,70908.62,70749.88,70795.44,29106401.68,BTCUSD,1h,cryptocompare
2026-03-14 03:00:00+00:00,70795.44,71172.74,70794.63,71084.83,36484201.51,BTCUSD,1h,cryptocompare
2026-03-14 04:00:00+00:00,71084.83,71312.93,71032.02,71043.97,36537733.36,BTCUSD,1h,cryptocompare
2026-03-14 05:00:00+00:00,71043.97,71157.39,70931.96,71027.1,29611679.38,BTCUSD,1h,cryptocompare
2026-03-14 06:00:00+00:00,71027.1,71027.73,70324.71,70641.31,67616217.91,BTCUSD,1h,cryptocompare
2026-03-14 07:00:00+00:00,70641.31,70753.17,70499.3,70613.21,28702833.39,BTCUSD,1h,cryptocompare
2026-03-14 08:00:00+00:00,70613.21,70723.5,70555.51,70599.17,19914439.65,BTCUSD,1h,cryptocompare
2026-03-14 09:00:00+00:00,70599.17,70737.54,70412.89,70531.83,28870230.3,BTCUSD,1h,cryptocompare
2026-03-14 10:00:00+00:00,70531.83,70588.69,70398.21,70581.85,20040830.69,BTCUSD,1h,cryptocompare
2026-03-14 11:00:00+00:00,70581.85,70788.0,70574.63,70754.79,18389980.54,BTCUSD,1h,cryptocompare
2026-03-14 12:00:00+00:00,70754.79,70847.21,70628.57,70779.94,27983665.85,BTCUSD,1h,cryptocompare
2026-03-14 13:00:00+00:00,70779.94,70936.64,70731.75,70870.73,27514670.63,BTCUSD,1h,cryptocompare
2026-03-14 14:00:00+00:00,70870.73,70953.14,70592.49,70611.29,29912742.23,BTCUSD,1h,cryptocompare
2026-03-14 15:00:00+00:00,70611.29,70738.92,70510.81,70601.38,27142329.62,BTCUSD,1h,cryptocompare
2026-03-14 16:00:00+00:00,70601.38,70723.97,70513.06,70692.35,20176947.16,BTCUSD,1h,cryptocompare
2026-03-14 17:00:00+00:00,70692.35,70744.49,70603.62,70632.27,15646502.59,BTCUSD,1h,cryptocompare
2026-03-14 18:00:00+00:00,70632.27,70710.0,70574.3,70678.22,13677175.65,BTCUSD,1h,cryptocompare
2026-03-14 19:00:00+00:00,70678.22,70745.77,70613.04,70710.84,14199670.62,BTCUSD,1h,cryptocompare
2026-03-14 20:00:00+00:00,70710.84,70866.99,70660.66,70822.52,22939707.35,BTCUSD,1h,cryptocompare
2026-03-14 21:00:00+00:00,70822.52,70833.99,70678.62,70813.37,18504065.03,BTCUSD,1h,cryptocompare
2026-03-14 22:00:00+00:00,70813.37,70818.15,70715.04,70728.68,13747481.42,BTCUSD,1h,cryptocompare
2026-03-14 23:00:00+00:00,70728.68,71258.29,70727.83,71223.72,48751686.34,BTCUSD,1h,cryptocompare
2026-03-15 00:00:00+00:00,71223.72,71225.16,70976.99,71003.79,43660207.1,BTCUSD,1h,cryptocompare
2026-03-15 01:00:00+00:00,71003.79,71047.68,70872.84,71011.15,32512652.01,BTCUSD,1h,cryptocompare
2026-03-15 02:00:00+00:00,71011.15,71634.22,71010.85,71463.77,67916943.12,BTCUSD,1h,cryptocompare
2026-03-15 03:00:00+00:00,71463.77,71537.08,71248.21,71362.28,38391734.77,BTCUSD,1h,cryptocompare
2026-03-15 04:00:00+00:00,71362.28,71668.49,71342.74,71592.47,33826108.4,BTCUSD,1h,cryptocompare
2026-03-15 05:00:00+00:00,71592.47,71798.62,71485.93,71504.88,35127302.69,BTCUSD,1h,cryptocompare
2026-03-15 06:00:00+00:00,71504.88,71603.09,71407.19,71465.12,25806686.01,BTCUSD,1h,cryptocompare
2026-03-15 07:00:00+00:00,71465.12,71672.66,71423.31,71463.95,20710405.88,BTCUSD,1h,cryptocompare
2026-03-15 08:00:00+00:00,71463.95,71722.61,71463.74,71721.61,28664117.6,BTCUSD,1h,cryptocompare
2026-03-15 09:00:00+00:00,71721.61,71944.85,71721.43,71808.47,43792534.25,BTCUSD,1h,cryptocompare
2026-03-15 10:00:00+00:00,71808.47,71920.56,71734.76,71796.05,14683308.21,BTCUSD,1h,cryptocompare
2026-03-15 11:00:00+00:00,71796.05,71899.79,71676.78,71854.6,20064727.76,BTCUSD,1h,cryptocompare
2026-03-15 12:00:00+00:00,71854.6,71854.6,71584.15,71624.19,25092908.59,BTCUSD,1h,cryptocompare
2026-03-15 13:00:00+00:00,71624.19,71694.97,71283.31,71613.12,75470933.03,BTCUSD,1h,cryptocompare
2026-03-15 14:00:00+00:00,71613.12,71631.42,71354.54,71631.42,38486755.85,BTCUSD,1h,cryptocompare
2026-03-15 15:00:00+00:00,71631.42,71631.45,71423.01,71486.47,24943740.17,BTCUSD,1h,cryptocompare
2026-03-15 16:00:00+00:00,71486.47,71589.98,71338.62,71441.75,40786638.42,BTCUSD,1h,cryptocompare
2026-03-15 17:00:00+00:00,71441.75,71994.49,71421.55,71829.62,40512330.82,BTCUSD,1h,cryptocompare
2026-03-15 18:00:00+00:00,71829.62,71889.06,71331.07,71395.4,47535649.47,BTCUSD,1h,cryptocompare
2026-03-15 19:00:00+00:00,71395.4,71582.56,71350.93,71562.89,27685566.12,BTCUSD,1h,cryptocompare
2026-03-15 20:00:00+00:00,71562.89,71932.44,71446.28,71740.72,44727625.67,BTCUSD,1h,cryptocompare
2026-03-15 21:00:00+00:00,71740.72,72246.69,71637.44,72111.82,57619611.39,BTCUSD,1h,cryptocompare
2026-03-15 22:00:00+00:00,72111.82,73075.48,71735.85,72754.07,191675754.33,BTCUSD,1h,cryptocompare
2026-03-15 23:00:00+00:00,72754.07,73214.29,72432.01,72828.77,174571657.07,BTCUSD,1h,cryptocompare
2026-03-16 00:00:00+00:00,72828.77,73026.18,72459.53,72546.12,89321099.88,BTCUSD,1h,cryptocompare
2026-03-16 01:00:00+00:00,72546.12,72866.89,72291.22,72765.45,79936165.38,BTCUSD,1h,cryptocompare
2026-03-16 02:00:00+00:00,72765.45,72864.54,72381.55,72534.85,47179199.15,BTCUSD,1h,cryptocompare
2026-03-16 03:00:00+00:00,72534.85,74297.22,72452.52,73580.09,229359285.66,BTCUSD,1h,cryptocompare
2026-03-16 04:00:00+00:00,73580.09,74439.62,73580.07,73837.22,127559206.36,BTCUSD,1h,cryptocompare
2026-03-16 05:00:00+00:00,73837.22,74247.41,73717.95,74201.13,104145767.09,BTCUSD,1h,cryptocompare
2026-03-16 06:00:00+00:00,74201.13,74201.89,73609.57,73720.1,61738496.97,BTCUSD,1h,cryptocompare
2026-03-16 07:00:00+00:00,73720.1,73929.07,73393.65,73462.56,64015091.41,BTCUSD,1h,cryptocompare
2026-03-16 08:00:00+00:00,73462.56,73776.41,72894.8,73139.6,93920038.54,BTCUSD,1h,cryptocompare
2026-03-16 09:00:00+00:00,73139.6,73340.72,73067.15,73262.75,52795894.65,BTCUSD,1h,cryptocompare
2026-03-16 10:00:00+00:00,73262.75,73796.84,73216.55,73795.33,87195019.24,BTCUSD,1h,cryptocompare
2026-03-16 11:00:00+00:00,73795.33,73847.09,73528.98,73560.17,61935663.41,BTCUSD,1h,cryptocompare
2026-03-16 12:00:00+00:00,73560.17,74051.74,73472.75,73864.9,112039950.11,BTCUSD,1h,cryptocompare
2026-03-16 13:00:00+00:00,73864.9,74525.9,73796.71,74113.06,199839063.54,BTCUSD,1h,cryptocompare
2026-03-16 14:00:00+00:00,74113.06,74469.97,73005.79,73565.88,225352567.4,BTCUSD,1h,cryptocompare
2026-03-16 15:00:00+00:00,73565.88,74049.81,73202.77,73285.58,148436885.46,BTCUSD,1h,cryptocompare
2026-03-16 16:00:00+00:00,73285.58,73928.49,73170.94,73767.67,110943539.09,BTCUSD,1h,cryptocompare
2026-03-16 17:00:00+00:00,73767.67,74063.52,73663.16,73951.5,93016503.84,BTCUSD,1h,cryptocompare
2026-03-16 18:00:00+00:00,73951.5,74371.72,73858.43,73913.7,148338902.94,BTCUSD,1h,cryptocompare
2026-03-16 19:00:00+00:00,73913.7,74413.83,73796.45,73970.84,109899849.97,BTCUSD,1h,cryptocompare
2026-03-16 20:00:00+00:00,73970.84,74258.95,73862.47,74241.59,55350841.51,BTCUSD,1h,cryptocompare
2026-03-16 21:00:00+00:00,74241.59,74794.91,74162.51,74407.18,132707978.23,BTCUSD,1h,cryptocompare
2026-03-16 22:00:00+00:00,74407.18,74904.62,74378.46,74761.59,94912020.46,BTCUSD,1h,cryptocompare
2026-03-16 23:00:00+00:00,74761.59,74911.2,74257.16,74884.52,83891583.95,BTCUSD,1h,cryptocompare
2026-03-17 00:00:00+00:00,74884.52,75512.62,74625.45,75315.6,183245743.32,BTCUSD,1h,cryptocompare
2026-03-17 01:00:00+00:00,75315.6,76011.83,75077.06,75625.54,165418171.78,BTCUSD,1h,cryptocompare
2026-03-17 02:00:00+00:00,75625.54,75674.57,75127.18,75197.86,80399525.44,BTCUSD,1h,cryptocompare
2026-03-17 03:00:00+00:00,75197.86,75326.96,74273.05,74469.01,159990119.36,BTCUSD,1h,cryptocompare
2026-03-17 04:00:00+00:00,74469.01,74684.95,74001.86,74247.54,99718966.93,BTCUSD,1h,cryptocompare
2026-03-17 05:00:00+00:00,74247.54,74465.03,73793.69,74047.7,75777362.19,BTCUSD,1h,cryptocompare
2026-03-17 06:00:00+00:00,74047.7,74281.53,73887.76,74088.57,58329796.5,BTCUSD,1h,cryptocompare
2026-03-17 07:00:00+00:00,74088.57,74458.03,74073.77,74257.16,37633897.21,BTCUSD,1h,cryptocompare
2026-03-17 08:00:00+00:00,74257.16,74462.64,74114.27,74191.5,64149671.86,BTCUSD,1h,cryptocompare
2026-03-17 09:00:00+00:00,74191.5,74407.05,73854.0,73946.73,76511551.66,BTCUSD,1h,cryptocompare
2026-03-17 10:00:00+00:00,73946.73,73972.47,73585.74,73735.95,100791311.8,BTCUSD,1h,cryptocompare
2026-03-17 11:00:00+00:00,73735.95,74219.27,73690.9,74043.74,89439713.28,BTCUSD,1h,cryptocompare
2026-03-17 12:00:00+00:00,74043.74,74183.05,73675.08,73744.04,119305847.61,BTCUSD,1h,cryptocompare
2026-03-17 13:00:00+00:00,73744.04,74176.75,73419.9,73628.23,241479448.04,BTCUSD,1h,cryptocompare
2026-03-17 14:00:00+00:00,73628.23,74442.16,73446.78,74404.81,205044743.72,BTCUSD,1h,cryptocompare
2026-03-17 15:00:00+00:00,74404.81,74920.61,73698.51,73940.03,256808291.71,BTCUSD,1h,cryptocompare
2026-03-17 16:00:00+00:00,73940.03,74370.1,73888.53,74182.61,145798922.87,BTCUSD,1h,cryptocompare
2026-03-17 17:00:00+00:00,74182.61,74618.76,74039.36,74547.96,133342026.87,BTCUSD,1h,cryptocompare
2026-03-17 18:00:00+00:00,74547.96,74796.31,74417.78,74708.12,154679739.99,BTCUSD,1h,cryptocompare
2026-03-17 19:00:00+00:00,74708.12,74835.3,74463.25,74541.45,118179494.13,BTCUSD,1h,cryptocompare
2026-03-17 20:00:00+00:00,74541.45,74709.66,74398.67,74539.91,67529446.53,BTCUSD,1h,cryptocompare
2026-03-17 21:00:00+00:00,74539.91,74831.54,74487.68,74712.5,54301607.85,BTCUSD,1h,cryptocompare
2026-03-17 22:00:00+00:00,74712.5,74804.83,73962.07,74336.46,74592618.32,BTCUSD,1h,cryptocompare
2026-03-17 23:00:00+00:00,74336.46,74429.68,73903.69,73936.64,57207234.67,BTCUSD,1h,cryptocompare
2026-03-18 00:00:00+00:00,73936.64,74084.95,73559.2,73886.25,74148699.58,BTCUSD,1h,cryptocompare
2026-03-18 01:00:00+00:00,73886.25,74233.21,73846.6,74103.86,65303069.15,BTCUSD,1h,cryptocompare
2026-03-18 02:00:00+00:00,74103.86,74506.3,74076.81,74374.79,42393978.15,BTCUSD,1h,cryptocompare
2026-03-18 03:00:00+00:00,74374.79,74703.58,74286.0,74480.28,41334544.95,BTCUSD,1h,cryptocompare
2026-03-18 04:00:00+00:00,74480.28,74522.92,74171.6,74200.46,31306622.65,BTCUSD,1h,cryptocompare
2026-03-18 05:00:00+00:00,74200.46,74327.52,73854.75,73980.31,41923437.06,BTCUSD,1h,cryptocompare
2026-03-18 06:00:00+00:00,73980.31,74246.52,73961.1,73974.02,29534446.1,BTCUSD,1h,cryptocompare
2026-03-18 07:00:00+00:00,73974.02,74016.6,73712.48,73899.44,39550803.62,BTCUSD,1h,cryptocompare
2026-03-18 08:00:00+00:00,73899.44,74131.8,73878.79,74057.0,33923480.85,BTCUSD,1h,cryptocompare
2026-03-18 09:00:00+00:00,74057.0,74304.59,74049.86,74195.19,29282033.81,BTCUSD,1h,cryptocompare
2026-03-18 10:00:00+00:00,74195.19,74277.48,73826.15,73952.36,33179452.44,BTCUSD,1h,cryptocompare
2026-03-18 11:00:00+00:00,73952.36,74088.89,72815.53,72965.8,154340583.59,BTCUSD,1h,cryptocompare
2026-03-18 12:00:00+00:00,72965.8,72997.35,72287.91,72382.76,172200592.28,BTCUSD,1h,cryptocompare
2026-03-18 13:00:00+00:00,72382.76,72570.22,71987.29,72137.0,199236909.02,BTCUSD,1h,cryptocompare
2026-03-18 14:00:00+00:00,72137.0,72231.41,71116.49,71200.13,208976617.26,BTCUSD,1h,cryptocompare
2026-03-18 15:00:00+00:00,71200.13,71531.34,70867.94,71471.12,184886214.7,BTCUSD,1h,cryptocompare
2026-03-18 16:00:00+00:00,71471.12,71565.3,71035.26,71324.05,139724966.24,BTCUSD,1h,cryptocompare
2026-03-18 17:00:00+00:00,71324.05,71759.46,71203.47,71602.4,91062196.45,BTCUSD,1h,cryptocompare
2026-03-18 18:00:00+00:00,71602.4,72022.74,70959.24,71105.79,162373020.9,BTCUSD,1h,cryptocompare
2026-03-18 19:00:00+00:00,71105.79,71487.62,70935.58,71068.3,110237373.12,BTCUSD,1h,cryptocompare
2026-03-18 20:00:00+00:00,71068.3,71321.71,70493.02,71223.35,136195444.91,BTCUSD,1h,cryptocompare
2026-03-18 21:00:00+00:00,71223.35,71431.73,71163.06,71269.04,59340020.17,BTCUSD,1h,cryptocompare
2026-03-18 22:00:00+00:00,71269.04,71272.59,70944.12,71150.57,41910603.75,BTCUSD,1h,cryptocompare
2026-03-18 23:00:00+00:00,71150.57,71364.9,71067.12,71248.69,42436211.23,BTCUSD,1h,cryptocompare
2026-03-19 00:00:00+00:00,71248.69,71309.46,70982.83,71005.68,47527330.33,BTCUSD,1h,cryptocompare
2026-03-19 01:00:00+00:00,71005.68,71185.87,70959.98,71123.68,38907266.7,BTCUSD,1h,cryptocompare
2026-03-19 02:00:00+00:00,71123.68,71259.93,70913.52,71059.43,40283680.1,BTCUSD,1h,cryptocompare
2026-03-19 03:00:00+00:00,71059.43,71617.06,71059.41,71218.08,62913789.93,BTCUSD,1h,cryptocompare
2026-03-19 04:00:00+00:00,71218.08,71219.38,70664.31,70830.07,58183938.32,BTCUSD,1h,cryptocompare
2026-03-19 05:00:00+00:00,70830.07,70907.96,70660.53,70826.01,39277249.27,BTCUSD,1h,cryptocompare
2026-03-19 06:00:00+00:00,70826.01,70957.83,70511.18,70585.8,53199452.87,BTCUSD,1h,cryptocompare
2026-03-19 07:00:00+00:00,70585.8,70600.29,69499.73,70196.46,162456002.64,BTCUSD,1h,cryptocompare
2026-03-19 08:00:00+00:00,70196.46,70299.64,69911.7,69994.28,60940515.4,BTCUSD,1h,cryptocompare
2026-03-19 09:00:00+00:00,69994.28,70559.8,69990.57,70504.03,59599979.22,BTCUSD,1h,cryptocompare
2026-03-19 10:00:00+00:00,70504.03,70534.94,70117.41,70130.4,39806889.23,BTCUSD,1h,cryptocompare
2026-03-19 11:00:00+00:00,70130.4,70262.08,69912.27,69951.11,44971675.91,BTCUSD,1h,cryptocompare
2026-03-19 12:00:00+00:00,69951.11,69952.04,69110.95,69291.93,151147907.71,BTCUSD,1h,cryptocompare
2026-03-19 13:00:00+00:00,69291.93,70079.76,69082.25,69901.43,186527468.46,BTCUSD,1h,cryptocompare
2026-03-19 14:00:00+00:00,69901.43,70150.11,69087.35,69487.73,178017656.94,BTCUSD,1h,cryptocompare
2026-03-19 15:00:00+00:00,69487.73,69917.97,68778.11,69403.95,220503151.32,BTCUSD,1h,cryptocompare
2026-03-19 16:00:00+00:00,69403.95,69628.47,69175.5,69450.4,142568586.34,BTCUSD,1h,cryptocompare
2026-03-19 17:00:00+00:00,69450.4,69936.74,69112.63,69852.05,116739036.0,BTCUSD,1h,cryptocompare
2026-03-19 18:00:00+00:00,69852.05,69923.58,69582.45,69820.42,76220620.61,BTCUSD,1h,cryptocompare
2026-03-19 19:00:00+00:00,69820.42,70602.68,69806.19,70265.96,176479747.05,BTCUSD,1h,cryptocompare
2026-03-19 20:00:00+00:00,70265.96,70669.42,70196.1,70493.34,77687777.71,BTCUSD,1h,cryptocompare
2026-03-19 21:00:00+00:00,70493.34,70695.41,70380.19,70421.43,44182355.47,BTCUSD,1h,cryptocompare
2026-03-19 22:00:00+00:00,70421.43,70504.99,69959.0,70186.32,53915990.09,BTCUSD,1h,cryptocompare
2026-03-19 23:00:00+00:00,70186.32,70286.4,69721.92,69918.84,67074767.13,BTCUSD,1h,cryptocompare
2026-03-20 00:00:00+00:00,69918.84,70307.43,69841.92,70198.34,60451883.56,BTCUSD,1h,cryptocompare
2026-03-20 01:00:00+00:00,70198.34,70586.33,70186.67,70408.18,59925522.66,BTCUSD,1h,cryptocompare
2026-03-20 02:00:00+00:00,70408.18,70513.81,70086.68,70415.94,54209785.85,BTCUSD,1h,cryptocompare
2026-03-20 03:00:00+00:00,70415.94,70805.7,70385.97,70730.09,64368289.9,BTCUSD,1h,cryptocompare
2026-03-20 04:00:00+00:00,70730.09,70963.3,70554.93,70776.54,45826997.36,BTCUSD,1h,cryptocompare
2026-03-20 05:00:00+00:00,70776.54,70861.4,70528.51,70600.68,32601027.86,BTCUSD,1h,cryptocompare
2026-03-20 06:00:00+00:00,70600.68,70642.76,70348.24,70496.66,35438820.39,BTCUSD,1h,cryptocompare
2026-03-20 07:00:00+00:00,70496.66,70926.33,70217.0,70852.3,46630778.38,BTCUSD,1h,cryptocompare
2026-03-20 08:00:00+00:00,70852.3,71362.83,70795.02,71042.48,75921943.82,BTCUSD,1h,cryptocompare
2026-03-20 09:00:00+00:00,71042.48,71042.95,70414.16,70575.45,73666049.0,BTCUSD,1h,cryptocompare
2026-03-20 10:00:00+00:00,70575.45,70666.67,70215.6,70607.32,69608978.29,BTCUSD,1h,cryptocompare
2026-03-20 11:00:00+00:00,70607.32,70796.06,70307.03,70470.97,58606957.84,BTCUSD,1h,cryptocompare
2026-03-20 12:00:00+00:00,70470.97,70676.63,70247.39,70332.31,69582190.03,BTCUSD,1h,cryptocompare
2026-03-20 13:00:00+00:00,70332.31,70609.25,69783.12,69850.58,179172367.24,BTCUSD,1h,cryptocompare
2026-03-20 14:00:00+00:00,69850.58,70257.07,69577.35,69725.72,235654406.66,BTCUSD,1h,cryptocompare
2026-03-20 15:00:00+00:00,69725.72,69989.93,69471.01,69851.02,128417633.48,BTCUSD,1h,cryptocompare
2026-03-20 16:00:00+00:00,69851.02,70090.94,69596.88,69819.09,88443201.99,BTCUSD,1h,cryptocompare
2026-03-20 17:00:00+00:00,69819.09,70009.17,69382.16,69978.93,111421744.38,BTCUSD,1h,cryptocompare
2026-03-20 18:00:00+00:00,69978.93,70056.84,69513.82,69750.44,112724492.11,BTCUSD,1h,cryptocompare
2026-03-20 19:00:00+00:00,69750.44,70188.65,69661.95,70172.36,108934072.32,BTCUSD,1h,cryptocompare
2026-03-20 20:00:00+00:00,70172.36,70245.82,69744.44,70049.06,84136252.98,BTCUSD,1h,cryptocompare
2026-03-20 21:00:00+00:00,70049.06,70724.07,69942.09,70538.2,82520823.43,BTCUSD,1h,cryptocompare
2026-03-20 22:00:00+00:00,70538.2,70922.65,70528.89,70768.63,57407527.44,BTCUSD,1h,cryptocompare
2026-03-20 23:00:00+00:00,70768.63,70771.52,70424.96,70504.27,44316503.55,BTCUSD,1h,cryptocompare
2026-03-21 00:00:00+00:00,70504.27,70811.08,70464.85,70673.66,34812125.53,BTCUSD,1h,cryptocompare
2026-03-21 01:00:00+00:00,70673.66,70751.77,70457.34,70461.94,22105880.76,BTCUSD,1h,cryptocompare
2026-03-21 02:00:00+00:00,70461.94,70773.69,70434.12,70727.52,24021596.33,BTCUSD,1h,cryptocompare
2026-03-21 03:00:00+00:00,70727.52,70771.54,70622.36,70660.63,13932081.65,BTCUSD,1h,cryptocompare
2026-03-21 04:00:00+00:00,70660.63,70810.25,70613.63,70633.67,24295086.72,BTCUSD,1h,cryptocompare
2026-03-21 05:00:00+00:00,70633.67,70825.09,70624.41,70696.8,16965575.07,BTCUSD,1h,cryptocompare
2026-03-21 06:00:00+00:00,70696.8,70808.46,70686.68,70763.61,14481064.95,BTCUSD,1h,cryptocompare
2026-03-21 07:00:00+00:00,70763.61,70870.28,70672.15,70710.48,17931658.1,BTCUSD,1h,cryptocompare
2026-03-21 08:00:00+00:00,70710.48,70749.58,70484.28,70587.0,30854986.98,BTCUSD,1h,cryptocompare
2026-03-21 09:00:00+00:00,70587.0,70729.97,70567.39,70651.77,36756529.43,BTCUSD,1h,cryptocompare
2026-03-21 10:00:00+00:00,70651.77,70686.22,70554.46,70598.01,15015712.52,BTCUSD,1h,cryptocompare
2026-03-21 11:00:00+00:00,70598.01,70641.2,70558.71,70639.5,9801713.45,BTCUSD,1h,cryptocompare
2026-03-21 12:00:00+00:00,70639.5,70783.88,70639.45,70702.56,15477909.68,BTCUSD,1h,cryptocompare
2026-03-21 13:00:00+00:00,70702.56,70799.93,70688.52,70720.86,15760254.77,BTCUSD,1h,cryptocompare
2026-03-21 14:00:00+00:00,70720.86,71082.27,70582.0,70615.66,49309972.37,BTCUSD,1h,cryptocompare
2026-03-21 15:00:00+00:00,70615.66,70748.93,70446.55,70621.61,35176839.23,BTCUSD,1h,cryptocompare
2026-03-21 16:00:00+00:00,70621.61,70642.29,70239.1,70294.26,38481730.9,BTCUSD,1h,cryptocompare
2026-03-21 17:00:00+00:00,70294.26,70411.67,70199.62,70298.46,35593452.1,BTCUSD,1h,cryptocompare
2026-03-21 18:00:00+00:00,70298.46,70517.32,70285.17,70379.11,26572776.5,BTCUSD,1h,cryptocompare
2026-03-21 19:00:00+00:00,70379.11,70432.38,70305.56,70379.08,15878764.15,BTCUSD,1h,cryptocompare
2026-03-21 20:00:00+00:00,70379.08,70491.09,70347.01,70450.96,28529095.3,BTCUSD,1h,cryptocompare
2026-03-21 21:00:00+00:00,70450.96,70500.96,70256.1,70343.11,26533514.72,BTCUSD,1h,cryptocompare
2026-03-21 22:00:00+00:00,70343.11,70368.43,70253.46,70270.86,23218475.46,BTCUSD,1h,cryptocompare
2026-03-21 23:00:00+00:00,70270.86,70279.42,68569.14,68909.77,141319564.79,BTCUSD,1h,cryptocompare
2026-03-22 00:00:00+00:00,68909.77,69138.51,68236.24,68938.27,150913355.01,BTCUSD,1h,cryptocompare
2026-03-22 01:00:00+00:00,68938.27,69087.15,68756.82,68958.95,60876623.62,BTCUSD,1h,cryptocompare
2026-03-22 02:00:00+00:00,68958.95,69396.23,68943.41,69276.64,51518921.34,BTCUSD,1h,cryptocompare
2026-03-22 03:00:00+00:00,69276.64,69575.11,69116.44,69337.77,43212711.61,BTCUSD,1h,cryptocompare
2026-03-22 04:00:00+00:00,69337.77,69516.9,69204.19,69348.14,32445819.34,BTCUSD,1h,cryptocompare
2026-03-22 05:00:00+00:00,69348.14,69348.69,69138.53,69146.1,25386494.35,BTCUSD,1h,cryptocompare
2026-03-22 06:00:00+00:00,69146.1,69229.73,69060.22,69153.94,20724009.45,BTCUSD,1h,cryptocompare
2026-03-22 07:00:00+00:00,69153.94,69233.86,68885.94,68908.29,28014503.89,BTCUSD,1h,cryptocompare
2026-03-22 08:00:00+00:00,68908.29,68971.6,68552.16,68794.53,48766750.03,BTCUSD,1h,cryptocompare
2026-03-22 09:00:00+00:00,68794.53,68889.36,68580.17,68814.88,29212992.35,BTCUSD,1h,cryptocompare
2026-03-22 10:00:00+00:00,68814.88,68835.41,68579.63,68641.49,19583272.01,BTCUSD,1h,cryptocompare
2026-03-22 11:00:00+00:00,68641.49,68677.94,68115.77,68212.86,49457154.01,BTCUSD,1h,cryptocompare
2026-03-22 12:00:00+00:00,68212.86,68744.85,68192.17,68647.2,53471244.88,BTCUSD,1h,cryptocompare
2026-03-22 13:00:00+00:00,68647.2,68940.17,68544.7,68700.83,47560468.83,BTCUSD,1h,cryptocompare
2026-03-22 14:00:00+00:00,68700.83,68910.02,68542.68,68714.58,40903971.12,BTCUSD,1h,cryptocompare
2026-03-22 15:00:00+00:00,68714.58,68994.11,68711.47,68842.35,41062015.53,BTCUSD,1h,cryptocompare
2026-03-22 16:00:00+00:00,68842.35,68878.74,68674.41,68807.0,28262378.71,BTCUSD,1h,cryptocompare
2026-03-22 17:00:00+00:00,68807.0,68854.2,68677.79,68679.77,25866341.33,BTCUSD,1h,cryptocompare
2026-03-22 18:00:00+00:00,68679.77,68745.26,68348.8,68615.44,37965084.13,BTCUSD,1h,cryptocompare
2026-03-22 19:00:00+00:00,68615.44,68625.91,68148.54,68195.37,61738122.55,BTCUSD,1h,cryptocompare
2026-03-22 20:00:00+00:00,68195.37,68496.29,68083.9,68174.01,45521492.82,BTCUSD,1h,cryptocompare
2026-03-22 21:00:00+00:00,68174.01,68224.73,67346.39,67891.31,147829758.75,BTCUSD,1h,cryptocompare
2026-03-22 22:00:00+00:00,67891.31,68380.97,67570.93,68318.38,122152537.57,BTCUSD,1h,cryptocompare
2026-03-22 23:00:00+00:00,68318.38,68455.72,67831.18,67853.59,95515468.68,BTCUSD,1h,cryptocompare
2026-03-23 00:00:00+00:00,67853.59,68145.13,67435.52,67661.07,117148987.47,BTCUSD,1h,cryptocompare
2026-03-23 01:00:00+00:00,67661.07,68142.29,67531.4,67901.11,82186207.55,BTCUSD,1h,cryptocompare
2026-03-23 02:00:00+00:00,67901.11,68386.96,67795.05,68310.3,73871430.22,BTCUSD,1h,cryptocompare
2026-03-23 03:00:00+00:00,68310.3,68580.45,68056.31,68068.26,62650311.9,BTCUSD,1h,cryptocompare
2026-03-23 04:00:00+00:00,68068.26,68537.08,68050.66,68529.85,36532094.71,BTCUSD,1h,cryptocompare
2026-03-23 05:00:00+00:00,68529.85,68894.18,68529.82,68887.88,68747609.8,BTCUSD,1h,cryptocompare
2026-03-23 06:00:00+00:00,68887.88,68890.28,67688.58,67852.29,76466989.11,BTCUSD,1h,cryptocompare
2026-03-23 07:00:00+00:00,67852.29,68444.67,67495.8,68301.29,86870295.69,BTCUSD,1h,cryptocompare
2026-03-23 08:00:00+00:00,68301.29,68682.29,68301.29,68426.38,63035462.32,BTCUSD,1h,cryptocompare
2026-03-23 09:00:00+00:00,68426.38,68452.01,67909.15,68323.36,42264189.45,BTCUSD,1h,cryptocompare
2026-03-23 10:00:00+00:00,68323.36,68701.3,68287.87,68537.35,44303557.67,BTCUSD,1h,cryptocompare
2026-03-23 11:00:00+00:00,68537.35,71486.09,68537.35,70105.12,432213498.54,BTCUSD,1h,cryptocompare
2026-03-23 12:00:00+00:00,70105.12,70856.63,69658.69,70723.82,167180020.02,BTCUSD,1h,cryptocompare
2026-03-23 13:00:00+00:00,70723.82,71576.53,70580.83,71474.43,165415942.15,BTCUSD,1h,cryptocompare
2026-03-23 14:00:00+00:00,71474.43,71809.18,71119.73,71445.68,203616862.92,BTCUSD,1h,cryptocompare
2026-03-23 15:00:00+00:00,71445.68,71653.86,70093.41,70113.27,162770672.79,BTCUSD,1h,cryptocompare
2026-03-23 16:00:00+00:00,70113.27,70734.99,70113.24,70549.61,111391764.24,BTCUSD,1h,cryptocompare
2026-03-23 17:00:00+00:00,70549.61,71105.14,70356.93,71070.14,94138305.26,BTCUSD,1h,cryptocompare
2026-03-23 18:00:00+00:00,71070.14,71178.2,70867.03,71069.17,83394340.76,BTCUSD,1h,cryptocompare
2026-03-23 19:00:00+00:00,71069.17,71227.07,70634.35,70662.29,77469758.76,BTCUSD,1h,cryptocompare
2026-03-23 20:00:00+00:00,70662.29,70969.99,70546.97,70901.44,45474106.41,BTCUSD,1h,cryptocompare
2026-03-23 21:00:00+00:00,70901.44,70986.96,70814.5,70837.64,21382333.15,BTCUSD,1h,cryptocompare
2026-03-23 22:00:00+00:00,70837.64,70880.46,70506.57,70761.02,39134312.83,BTCUSD,1h,cryptocompare
2026-03-23 23:00:00+00:00,70761.02,70967.17,70390.34,70882.02,53549019.55,BTCUSD,1h,cryptocompare
2026-03-24 00:00:00+00:00,70882.02,71075.01,70408.76,70666.36,57866287.06,BTCUSD,1h,cryptocompare
2026-03-24 01:00:00+00:00,70666.36,70862.04,70271.61,70497.26,67451262.98,BTCUSD,1h,cryptocompare
2026-03-24 02:00:00+00:00,70497.26,70674.47,70349.95,70432.46,45498832.43,BTCUSD,1h,cryptocompare
2026-03-24 03:00:00+00:00,70432.46,70563.17,70382.6,70519.24,30702857.21,BTCUSD,1h,cryptocompare
2026-03-24 04:00:00+00:00,70519.24,70720.21,70237.0,70357.48,40388557.15,BTCUSD,1h,cryptocompare
2026-03-24 05:00:00+00:00,70357.48,70361.03,70104.02,70261.24,35165745.23,BTCUSD,1h,cryptocompare
2026-03-24 06:00:00+00:00,70261.24,70547.99,70241.31,70515.46,32983952.77,BTCUSD,1h,cryptocompare
2026-03-24 07:00:00+00:00,70515.46,71384.93,70465.47,71276.83,74721268.68,BTCUSD,1h,cryptocompare
2026-03-24 08:00:00+00:00,71276.83,71324.52,70840.17,70953.39,51242838.52,BTCUSD,1h,cryptocompare
2026-03-24 09:00:00+00:00,70953.39,71350.25,70837.71,71307.99,47342822.46,BTCUSD,1h,cryptocompare
2026-03-24 10:00:00+00:00,71307.99,71315.62,71080.75,71257.19,45245702.01,BTCUSD,1h,cryptocompare
2026-03-24 11:00:00+00:00,71257.19,71305.73,70952.68,71137.18,46504665.22,BTCUSD,1h,cryptocompare
2026-03-24 12:00:00+00:00,71137.18,71162.44,70848.32,70947.0,47693611.34,BTCUSD,1h,cryptocompare
2026-03-24 13:00:00+00:00,70947.0,71048.57,69969.84,70086.02,174730029.8,BTCUSD,1h,cryptocompare
2026-03-24 14:00:00+00:00,70086.02,70443.83,69483.69,69840.44,156722174.41,BTCUSD,1h,cryptocompare
2026-03-24 15:00:00+00:00,69840.44,70228.87,69746.46,69851.57,117066416.97,BTCUSD,1h,cryptocompare
2026-03-24 16:00:00+00:00,69851.57,69980.93,69332.25,69442.66,126762321.66,BTCUSD,1h,cryptocompare
2026-03-24 17:00:00+00:00,69442.66,69487.56,68897.47,69206.77,181154999.29,BTCUSD,1h,cryptocompare
2026-03-24 18:00:00+00:00,69206.77,69713.94,69138.74,69398.48,116861783.15,BTCUSD,1h,cryptocompare
2026-03-24 19:00:00+00:00,69398.48,69670.3,69249.35,69334.47,74476526.97,BTCUSD,1h,cryptocompare
2026-03-24 20:00:00+00:00,69334.47,70258.82,69257.58,70064.01,135123016.9,BTCUSD,1h,cryptocompare
2026-03-24 21:00:00+00:00,70064.01,70373.8,69877.01,70296.21,63543691.12,BTCUSD,1h,cryptocompare
2026-03-24 22:00:00+00:00,70296.21,70557.72,70114.15,70290.2,64383570.46,BTCUSD,1h,cryptocompare
2026-03-24 23:00:00+00:00,70290.2,70803.4,70241.99,70532.1,75190586.49,BTCUSD,1h,cryptocompare
2026-03-25 00:00:00+00:00,70532.1,71013.86,70456.66,70816.14,70223930.89,BTCUSD,1h,cryptocompare
2026-03-25 01:00:00+00:00,70816.14,70947.88,70604.46,70652.66,50293702.48,BTCUSD,1h,cryptocompare
2026-03-25 02:00:00+00:00,70652.66,70728.34,70470.95,70501.35,37481856.27,BTCUSD,1h,cryptocompare
2026-03-25 03:00:00+00:00,70501.35,70777.81,70378.93,70696.67,37536151.34,BTCUSD,1h,cryptocompare
2026-03-25 04:00:00+00:00,70696.67,70951.54,70677.35,70943.97,30538212.38,BTCUSD,1h,cryptocompare
2026-03-25 05:00:00+00:00,70943.97,71319.16,70914.49,71092.35,51611114.14,BTCUSD,1h,cryptocompare
2026-03-25 06:00:00+00:00,71092.35,71242.79,70973.11,70978.11,34622590.57,BTCUSD,1h,cryptocompare
2026-03-25 07:00:00+00:00,70978.11,71248.41,70873.13,70910.53,35965262.96,BTCUSD,1h,cryptocompare
2026-03-25 08:00:00+00:00,70910.53,71484.85,70785.14,71231.33,55013448.76,BTCUSD,1h,cryptocompare
2026-03-25 09:00:00+00:00,71231.33,71402.66,71083.89,71334.6,32029933.16,BTCUSD,1h,cryptocompare
2026-03-25 10:00:00+00:00,71334.6,71614.5,71286.26,71488.69,41563470.91,BTCUSD,1h,cryptocompare
2026-03-25 11:00:00+00:00,71488.69,72021.21,71461.34,71674.53,111561345.93,BTCUSD,1h,cryptocompare
2026-03-25 12:00:00+00:00,71674.53,71936.54,71120.82,71710.27,107596100.4,BTCUSD,1h,cryptocompare
2026-03-25 13:00:00+00:00,71710.27,71944.45,71507.75,71567.39,114070370.96,BTCUSD,1h,cryptocompare
2026-03-25 14:00:00+00:00,71567.39,71679.9,71214.7,71222.01,109800001.15,BTCUSD,1h,cryptocompare
2026-03-25 15:00:00+00:00,71222.01,71292.21,70556.3,70816.75,110394384.59,BTCUSD,1h,cryptocompare
2026-03-25 16:00:00+00:00,70816.75,71725.53,70708.26,71311.7,113049872.28,BTCUSD,1h,cryptocompare
2026-03-25 17:00:00+00:00,71311.7,71375.72,70701.1,70752.31,76926291.84,BTCUSD,1h,cryptocompare
2026-03-25 18:00:00+00:00,70752.31,71129.01,70665.51,70785.38,65017193.48,BTCUSD,1h,cryptocompare
2026-03-25 19:00:00+00:00,70785.38,71069.63,70752.25,70914.55,63373103.08,BTCUSD,1h,cryptocompare
