timestamp,symbol,open,high,low,close,volume,rsi,macd,macd_signal,bb_upper,bb_lower,sma_20,sma_50,pct_return,volatility,relative_volume,sentiment_score,news_count_window,avg_sentiment_window
2024-03-01 00:00:00,BTCUSDT,99.3,100.293,98.307,99.3,1000,32,-0.007,-0.0035,101.286,97.314,98.8035,98.307,-0.007,0.007,1.35,0.2,2,0.16
2024-03-01 01:00:00,BTCUSDT,100.0944,101.095344,99.093456,100.0944,1010,56,0.008,0.004,102.096288,98.092512,99.593928,99.093456,0.008,0.008,1.0,0.04,1,0.03
2024-03-01 02:00:00,BTCUSDT,100.8951552,101.904106752,99.886203648,100.8951552,1020,56,0.008,0.004,102.913058304,98.877252096,100.39067942399998,99.886203648,0.008,0.008,1.0,0.04,1,0.03
2024-03-01 03:00:00,BTCUSDT,101.7023164416,102.719339606016,100.685293277184,101.7023164416,1030,56,0.008,0.004,103.736362770432,99.66827011276798,101.193804859392,100.685293277184,0.008,0.008,1.0,0.04,1,0.03
2024-03-01 04:00:00,BTCUSDT,102.5159349731328,103.54109432286413,101.49077562340146,102.5159349731328,1040,56,0.008,0.004,104.56625367259544,100.46561627367012,102.00335529826712,101.49077562340146,0.008,0.008,1.0,0.04,1,0.03
2024-03-01 05:00:00,BTCUSDT,101.79832342832086,102.81630666260406,100.78034019403763,101.79832342832086,1050,56,-0.007,-0.0035,103.83428989688728,99.76235695975444,101.28933181117924,100.78034019403763,-0.007,0.007,1.0,0.04,1,0.03
2024-03-01 06:00:00,BTCUSDT,102.61271001574742,103.6388371159049,101.58658291558994,102.61271001574742,1060,56,0.008,0.004,104.66496421606236,100.56045581543248,102.09964646566868,101.58658291558994,0.008,0.008,1.0,0.04,1,0.03
2024-03-01 07:00:00,BTCUSDT,103.4336116958734,104.46794781283216,102.39927557891468,103.4336116958734,1070,56,0.008,0.004,105.50228392979088,101.36493946195594,102.91644363739404,102.39927557891468,0.008,0.008,1.0,0.04,1,0.03
2024-03-01 08:00:00,BTCUSDT,104.2610805894404,105.3036913953348,103.218469783546,104.2610805894404,1080,56,0.008,0.004,106.3463022012292,102.1758589776516,103.7397751864932,103.218469783546,0.008,0.008,1.0,0.04,1,0.03
2024-03-01 09:00:00,BTCUSDT,105.09516923415592,106.14612092649747,104.04421754181436,105.09516923415592,1090,56,0.008,0.004,107.19707261883904,102.9932658494728,104.56969338798514,104.04421754181436,0.008,0.008,1.0,0.2,2,0.16
2024-03-01 10:00:00,BTCUSDT,104.35950304951685,105.403098080012,103.31590801902166,104.35950304951685,1100,56,-0.007,-0.0035,106.44669311050716,102.2723129885265,103.83770553426923,103.31590801902166,-0.007,0.007,1.0,0.04,1,0.03
2024-03-01 11:00:00,BTCUSDT,105.19437907391296,106.2463228646521,104.14243528317384,105.19437907391296,1110,56,0.008,0.004,107.29826665539125,103.09049149243472,104.6684071785434,104.14243528317384,0.008,0.008,1.35,0.04,1,0.03
2024-03-01 12:00:00,BTCUSDT,106.03593410650429,107.09629344756932,104.97557476543923,106.03593410650429,1120,56,0.008,0.004,108.15665278863436,103.91521542437418,105.50575443597177,104.97557476543923,0.008,0.008,1.0,0.04,1,0.03
2024-03-01 13:00:00,BTCUSDT,106.8842215793563,107.95306379514987,105.81537936356274,106.8842215793563,1130,32,0.008,0.004,109.02190601094344,104.74653714776916,106.34980047145952,105.81537936356274,0.008,0.008,1.0,0.04,1,0.03
2024-03-01 14:00:00,BTCUSDT,107.73929535199116,108.81668830551108,106.66190239847124,107.73929535199116,1140,56,0.008,0.004,109.89408125903098,105.58450944495134,107.2005988752312,106.66190239847124,0.008,0.008,1.0,0.04,1,0.03
2024-03-01 15:00:00,BTCUSDT,106.98512028452724,108.0549714873725,105.91526908168196,106.98512028452724,1150,56,-0.007,-0.0035,109.12482269021775,104.84541787883668,106.45019468310458,105.91526908168196,-0.007,0.007,1.0,0.04,1,0.03
2024-03-01 16:00:00,BTCUSDT,107.84100124680344,108.91941125927148,106.7625912343354,107.84100124680344,1160,56,0.008,0.004,109.99782127173953,105.68418122186738,107.30179624056944,106.7625912343354,0.008,0.008,1.0,0.04,1,0.03
2024-03-01 17:00:00,BTCUSDT,108.70372925677788,109.79076654934566,107.61669196421008,108.70372925677788,1170,56,0.008,0.004,110.87780384191343,106.52965467164232,108.160210610494,107.61669196421008,0.008,0.008,1.0,0.04,1,0.03
2024-03-01 18:00:00,BTCUSDT,109.5733590908321,110.66909268174042,108.47762549992378,109.5733590908321,1180,56,0.008,0.004,111.76482627264876,107.38189190901544,109.02549229537794,108.47762549992378,0.008,0.008,1.0,0.2,2,0.16
2024-03-01 19:00:00,BTCUSDT,110.44994596355876,111.55444542319437,109.34544650392316,110.44994596355876,1190,56,0.008,0.004,112.65894488282994,108.24094704428758,109.89769623374096,109.34544650392316,0.008,0.008,1.0,0.04,1,0.03
2024-03-01 20:00:00,BTCUSDT,109.67679634181384,110.773564305232,108.58002837839572,109.67679634181384,1200,56,-0.007,-0.0035,111.87033226865012,107.48326041497758,109.1284123601048,108.58002837839572,-0.007,0.007,1.0,0.04,1,0.03
2024-03-01 21:00:00,BTCUSDT,110.55421071254835,111.65975281967386,109.44866860542288,110.55421071254835,1210,56,0.008,0.004,112.76529492679934,108.3431264982974,110.00143965898565,109.44866860542288,0.008,0.008,1.0,0.04,1,0.03
2024-03-01 22:00:00,BTCUSDT,111.43864439824875,112.55303084223124,110.32425795426629,111.43864439824875,1220,56,0.008,0.004,113.66741728621372,109.20987151028378,110.88145117625751,110.32425795426629,0.008,0.008,1.35,0.04,1,0.03
2024-03-01 23:00:00,BTCUSDT,112.33015355343474,113.4534550889691,111.2068520179004,112.33015355343474,1230,56,0.008,0.004,114.57675662450345,110.08355048236604,111.76850278566756,111.2068520179004,0.008,0.008,1.0,0.04,1,0.03
2024-03-02 00:00:00,BTCUSDT,113.22879478186222,114.36108272968085,112.0965068340436,113.22879478186222,1240,56,0.008,0.004,115.49337067749948,110.96421888622496,112.66265080795291,112.0965068340436,0.008,0.008,1.0,0.04,1,0.03
2024-03-02 01:00:00,BTCUSDT,112.43619321838918,113.56055515057308,111.31183128620528,112.43619321838918,1250,56,-0.007,-0.0035,114.68491708275695,110.1874693540214,111.87401225229723,111.31183128620528,-0.007,0.007,1.0,0.04,1,0.03
2024-03-02 02:00:00,BTCUSDT,113.3356827641363,114.46903959177766,112.20232593649492,113.3356827641363,1260,32,0.008,0.004,115.60239641941902,111.06896910885357,112.7690043503156,112.20232593649492,0.008,0.008,1.0,0.04,1,0.03
2024-03-02 03:00:00,BTCUSDT,114.24236822624938,115.38479190851189,113.0999445439869,114.24236822624938,1270,56,0.008,0.004,116.52721559077438,111.9575208617244,113.67115638511814,113.0999445439869,0.008,0.008,1.0,0.2,2,0.16
2024-03-02 04:00:00,BTCUSDT,115.1563071720594,116.30787024377996,114.0047441003388,115.1563071720594,1280,56,0.008,0.004,117.45943331550058,112.8531810286182,114.58052563619908,114.0047441003388,0.008,0.008,1.0,0.04,1,0.03
2024-03-02 05:00:00,BTCUSDT,116.07755762943586,117.2383332057302,114.9167820531415,116.07755762943586,1290,56,0.008,0.004,118.39910878202458,113.75600647684712,115.49716984128868,114.9167820531415,0.008,0.008,1.0,0.04,1,0.03
2024-03-02 06:00:00,BTCUSDT,115.2650147260298,116.41766487329012,114.1123645787695,115.2650147260298,1300,56,-0.007,-0.0035,117.5703150205504,112.9597144315092,114.68868965239966,114.1123645787695,-0.007,0.007,1.0,0.04,1,0.03
2024-03-02 07:00:00,BTCUSDT,116.18713484383804,117.34900619227642,115.02526349539966,116.18713484383804,1310,56,0.008,0.004,118.5108775407148,113.86339214696127,115.60619916961883,115.02526349539966,0.008,0.008,1.0,0.04,1,0.03
2024-03-02 08:00:00,BTCUSDT,117.11663192258874,118.28779824181464,115.94546560336283,117.11663192258874,1320,56,0.008,0.004,119.45896456104052,114.77429928413696,116.5310487629758,115.94546560336283,0.008,0.008,1.0,0.04,1,0.03
2024-03-02 09:00:00,BTCUSDT,118.05356497796944,119.23410062774914,116.87302932818974,118.05356497796944,1330,56,0.008,0.004,120.41463627752884,115.69249367841006,117.4632971530796,116.87302932818974,0.008,0.008,1.35,0.04,1,0.03
2024-03-02 10:00:00,BTCUSDT,118.9979934977932,120.18797343277112,117.80801356281528,118.9979934977932,1340,56,0.008,0.004,121.37795336774909,116.61803362783732,118.40300353030425,117.80801356281528,0.008,0.008,1.0,0.04,1,0.03
2024-03-02 11:00:00,BTCUSDT,118.16500754330865,119.34665761874172,116.98335746787556,118.16500754330865,1350,56,-0.007,-0.0035,120.52830769417484,115.80170739244248,117.5741825055921,116.98335746787556,-0.007,0.007,1.0,0.04,1,0.03
2024-03-02 12:00:00,BTCUSDT,119.11032760365512,120.30143087969168,117.91922432761856,119.11032760365512,1360,56,0.008,0.004,121.49253415572822,116.72812105158202,118.51477596563684,117.91922432761856,0.008,0.008,1.0,0.2,2,0.16
2024-03-02 13:00:00,BTCUSDT,120.06321022448437,121.2638423267292,118.86257812223953,120.06321022448437,1370,56,0.008,0.004,122.46447442897406,117.66194601999467,119.46289417336196,118.86257812223953,0.008,0.008,1.0,0.04,1,0.03
2024-03-02 14:00:00,BTCUSDT,121.02371590628024,122.23395306534304,119.81347874721745,121.02371590628024,1380,56,0.008,0.004,123.44419022440586,118.60324158815465,120.41859732674884,119.81347874721745,0.008,0.008,1.0,0.04,1,0.03
2024-03-02 15:00:00,BTCUSDT,121.9919056335305,123.2118246898658,120.7719865771952,121.9919056335305,1390,32,0.008,0.004,124.43174374620112,119.55206752085988,121.38194610536284,120.7719865771952,0.008,0.008,1.0,0.04,1,0.03
2024-03-02 16:00:00,BTCUSDT,121.1379622940958,122.34934191703674,119.92658267115485,121.1379622940958,1400,56,-0.007,-0.0035,123.5607215399777,118.71520304821388,120.5322724826253,119.92658267115485,-0.007,0.007,1.0,0.04,1,0.03
2024-03-02 17:00:00,BTCUSDT,122.10706599244855,123.32813665237305,120.88599533252406,122.10706599244855,1410,56,0.008,0.004,124.54920731229753,119.66492467259958,121.49653066248632,120.88599533252406,0.008,0.008,1.0,0.04,1,0.03
2024-03-02 18:00:00,BTCUSDT,123.08392252038814,124.31476174559202,121.85308329518426,123.08392252038814,1420,56,0.008,0.004,125.5456009707959,120.62224406998038,122.4685029077862,121.85308329518426,0.008,0.008,1.0,0.04,1,0.03
2024-03-02 19:00:00,BTCUSDT,124.06859390055124,125.30927983955677,122.82790796154572,124.06859390055124,1430,56,0.008,0.004,126.54996577856228,121.58722202254022,123.44825093104848,122.82790796154572,0.008,0.008,1.0,0.04,1,0.03
2024-03-02 20:00:00,BTCUSDT,125.06114265175566,126.3117540782732,123.81053122523812,125.06114265175566,1440,56,0.008,0.004,127.56236550479078,122.55991979872054,124.43583693849688,123.81053122523812,0.008,0.008,1.35,0.04,1,0.03
2024-03-02 21:00:00,BTCUSDT,124.18571465319336,125.42757179972531,122.94385750666144,124.18571465319336,1450,56,-0.007,-0.0035,126.66942894625724,121.7020003601295,123.5647860799274,122.94385750666144,-0.007,0.007,1.0,0.2,2,0.16
2024-03-02 22:00:00,BTCUSDT,125.17920037041893,126.43099237412312,123.92740836671472,125.17920037041893,1460,56,0.008,0.004,127.6827843778273,122.67561636301056,124.55330436856684,123.92740836671472,0.008,0.008,1.0,0.04,1,0.03
2024-03-02 23:00:00,BTCUSDT,126.18063397338229,127.4424403131161,124.91882763364843,126.18063397338229,1470,56,0.008,0.004,128.70424665284992,123.65702129391462,125.54973080351536,124.91882763364843,0.008,0.008,1.0,0.04,1,0.03
2024-03-03 00:00:00,BTCUSDT,127.19007904516933,128.461979835621,125.91817825471765,127.19007904516933,1480,56,0.008,0.004,129.7338806260727,124.64627746426594,126.55412864994348,125.91817825471765,0.008,0.008,1.0,0.04,1,0.03
2024-03-03 01:00:00,BTCUSDT,128.20759967753068,129.489675674306,126.92552368075538,128.20759967753068,1490,56,0.008,0.004,130.7717516710813,125.64344768398009,127.56656167914302,126.92552368075538,0.008,0.008,1.0,0.04,1,0.03
2024-03-03 02:00:00,BTCUSDT,127.31014647978796,128.58324794458585,126.03704501499008,127.31014647978796,1500,56,-0.007,-0.0035,129.8563494093837,124.7639435501922,126.67359574738902,126.03704501499008,-0.007,0.007,1.0,0.04,1,0.03
2024-03-03 03:00:00,BTCUSDT,128.32862765162628,129.61191392814254,127.04534137511,128.32862765162628,1510,56,0.008,0.004,130.8952002046588,125.76205509859376,127.68698451336816,127.04534137511,0.008,0.008,1.0,0.04,1,0.03
2024-03-03 04:00:00,BTCUSDT,129.3552566728393,130.6488092395677,128.06170410611088,129.3552566728393,1520,32,0.008,0.004,131.94236180629608,126.7681515393825,128.70848038947508,128.06170410611088,0.008,0.008,1.0,0.04,1,0.03
2024-03-03 05:00:00,BTCUSDT,130.390098726222,131.6939997134842,129.08619773895978,130.390098726222,1530,56,0.008,0.004,132.99790070074644,127.78229675169754,129.73814823259087,129.08619773895978,0.008,0.008,1.0,0.04,1,0.03
2024-03-03 06:00:00,BTCUSDT,131.43321951603178,132.7475517111921,130.1188873208715,131.43321951603178,1540,56,0.008,0.004,134.06188390635242,128.80455512571115,130.77605341845162,130.1188873208715,0.008,0.008,1.0,0.2,2,0.16
2024-03-03 07:00:00,BTCUSDT,130.51318697941957,131.81831884921377,129.20805510962538,130.51318697941957,1550,56,-0.007,-0.0035,133.12345071900796,127.90292323983118,129.86062104452247,129.20805510962538,-0.007,0.007,1.35,0.04,1,0.03
2024-03-03 08:00:00,BTCUSDT,131.55729247525494,132.8728654000075,130.24171955050238,131.55729247525494,1560,56,0.008,0.004,134.18843832476003,128.92614662574985,130.89950601287867,130.24171955050238,0.008,0.008,1.0,0.04,1,0.03
2024-03-03 09:00:00,BTCUSDT,132.60975081505697,133.93584832320755,131.2836533069064,132.60975081505697,1570,56,0.008,0.004,135.2619458313581,129.95755579875583,131.9467020609817,131.2836533069064,0.008,0.008,1.0,0.04,1,0.03
2024-03-03 10:00:00,BTCUSDT,133.67062882157742,135.0073351097932,132.33392253336166,133.67062882157742,1580,56,0.008,0.004,136.34404139800898,130.99721624514586,133.00227567746953,132.33392253336166,0.008,0.008,1.0,0.04,1,0.03
2024-03-03 11:00:00,BTCUSDT,134.73999385215004,136.08739379067154,133.39259391362853,134.73999385215004,1590,56,0.008,0.004,137.43479372919305,132.04519397510705,134.06629388288928,133.39259391362853,0.008,0.008,1.0,0.04,1,0.03
2024-03-03 12:00:00,BTCUSDT,133.79681389518498,135.13478203413683,132.45884575623313,133.79681389518498,1600,56,-0.007,-0.0035,136.47275017308868,131.12087761728128,133.12782982570906,132.45884575623313,-0.007,0.007,1.0,0.04,1,0.03
2024-03-03 13:00:00,BTCUSDT,134.86718840634646,136.21586029040992,133.518516522283,134.86718840634646,1610,56,0.008,0.004,137.56453217447338,132.16984463821953,134.1928524643147,133.518516522283,0.008,0.008,1.0,0.04,1,0.03
2024-03-03 14:00:00,BTCUSDT,135.94612591359723,137.3055871727332,134.58666465446126,135.94612591359723,1620,56,0.008,0.004,138.66504843186917,133.2272033953253,135.26639528402924,134.58666465446126,0.008,0.008,1.0,0.04,1,0.03
2024-03-03 15:00:00,BTCUSDT,137.03369492090602,138.40403187011506,135.66335797169697,137.03369492090602,1630,56,0.008,0.004,139.77436881932414,134.2930210224879,136.3485264463015,135.66335797169697,0.008,0.008,1.0,0.2,2,0.16
2024-03-03 16:00:00,BTCUSDT,138.12996448027326,139.511264125076,136.74866483547052,138.12996448027326,1640,56,0.008,0.004,140.89256376987873,135.36736519066778,137.4393146578719,136.74866483547052,0.008,0.008,1.0,0.04,1,0.03
2024-03-03 17:00:00,BTCUSDT,137.16305472891133,138.53468527620043,135.79142418162223,137.16305472891133,1650,32,-0.007,-0.0035,139.90631582348956,134.4197936343331,136.47723945526678,135.79142418162223,-0.007,0.007,1.0,0.04,1,0.03
2024-03-03 18:00:00,BTCUSDT,138.26035916674263,139.64296275841005,136.8777555750752,138.26035916674263,1660,56,0.008,0.004,141.0255663500775,135.49515198340777,137.56905737090892,136.8777555750752,0.008,0.008,1.35,0.04,1,0.03
2024-03-03 19:00:00,BTCUSDT,139.36644204007658,140.76010646047737,137.9727776196758,139.36644204007658,1670,56,0.008,0.004,142.1537708808781,136.57911319927504,138.6696098298762,137.9727776196758,0.008,0.008,1.0,0.04,1,0.03
2024-03-03 20:00:00,BTCUSDT,140.4813735763972,141.88618731216118,139.07655984063322,140.4813735763972,1680,56,0.008,0.004,143.29100104792516,137.67174610486924,139.7789667085152,139.07655984063322,0.008,0.008,1.0,0.04,1,0.03
2024-03-03 21:00:00,BTCUSDT,141.60522456500837,143.02127681065846,140.18917231935828,141.60522456500837,1690,56,0.008,0.004,144.43732905630853,138.7731200737082,140.89719844218334,140.18917231935828,0.008,0.008,1.0,0.04,1,0.03
2024-03-03 22:00:00,BTCUSDT,140.6139879930533,142.02012787298384,139.2078481131228,140.6139879930533,1700,56,-0.007,-0.0035,143.42626775291438,137.80170823319224,139.91091805308804,139.2078481131228,-0.007,0.007,1.0,0.04,1,0.03
2024-03-03 23:00:00,BTCUSDT,141.73889989699774,143.15628889596772,140.32151089802775,141.73889989699774,1710,56,0.008,0.004,144.5736778949377,138.90412189905777,141.03020539751276,140.32151089802775,0.008,0.008,1.0,0.04,1,0.03
2024-03-04 00:00:00,BTCUSDT,142.8728110961737,144.30153920713545,141.44408298521196,142.8728110961737,1720,56,0.008,0.004,145.7302673180972,140.01535487425022,142.15844704069283,141.44408298521196,0.008,0.008,1.0,0.2,2,0.16
2024-03-04 01:00:00,BTCUSDT,144.01579358494308,145.45595152079252,142.57563564909364,144.01579358494308,1730,56,0.008,0.004,146.89610945664194,141.13547771324423,143.29571461701838,142.57563564909364,0.008,0.008,1.0,0.04,1,0.03
2024-03-04 02:00:00,BTCUSDT,145.16791993362264,146.61959913295888,143.7162407342864,145.16791993362264,1740,56,0.008,0.004,148.0712783322951,142.2645615349502,144.44208033395452,143.7162407342864,0.008,0.008,1.0,0.04,1,0.03
2024-03-04 03:00:00,BTCUSDT,144.1517444940873,145.59326193902817,142.71022704914645,144.1517444940873,1750,56,-0.007,-0.0035,147.03477938396904,141.26870960420555,143.43098577161686,142.71022704914645,-0.007,0.007,1.0,0.04,1,0.03
2024-03-04 04:00:00,BTCUSDT,145.30495845004,146.7580080345404,143.8519088655396,145.30495845004,1760,56,0.008,0.004,148.21105761904082,142.3988592810392,144.57843365778982,143.8519088655396,0.008,0.008,1.0,0.04,1,0.03
2024-03-04 05:00:00,BTCUSDT,146.46739811764033,147.93207209881675,145.0027241364639,146.46739811764033,1770,56,0.008,0.004,149.39674607999314,143.53805015528752,145.73506112705212,145.0027241364639,0.008,0.008,1.35,0.04,1,0.03
2024-03-04 06:00:00,BTCUSDT,147.63913730258145,149.1155286756073,146.16274592955563,147.63913730258145,1780,32,0.008,0.004,150.59192004863309,144.6863545565298,146.90094161606854,146.16274592955563,0.008,0.008,1.0,0.04,1,0.03
2024-03-04 07:00:00,BTCUSDT,148.82025040100208,150.3084529050121,147.3320478969921,148.82025040100208,1790,56,0.008,0.004,151.79665540902212,145.84384539298205,148.07614914899708,147.3320478969921,0.008,0.008,1.0,0.04,1,0.03
2024-03-04 08:00:00,BTCUSDT,147.77850864819507,149.25629373467703,146.3007235617131,147.77850864819507,1800,56,-0.007,-0.0035,150.734078821159,144.82293847523115,147.0396161049541,146.3007235617131,-0.007,0.007,1.0,0.04,1,0.03
2024-03-04 09:00:00,BTCUSDT,148.96073671738063,150.45034408455444,147.4711293502068,148.96073671738063,1810,56,0.008,0.004,151.93995145172823,145.98152198303302,148.21593303379373,147.4711293502068,0.008,0.008,1.0,0.2,2,0.16
2024-03-04 10:00:00,BTCUSDT,150.15242261111968,151.65394683723088,148.65089838500847,150.15242261111968,1820,56,0.008,0.004,153.15547106334208,147.14937415889727,149.40166049806408,148.65089838500847,0.008,0.008,1.0,0.04,1,0.03
2024-03-04 11:00:00,BTCUSDT,151.35364199200865,152.86717841192873,149.84010557208856,151.35364199200865,1830,56,0.008,0.004,154.38071483184882,148.32656915216847,150.5968737820486,149.84010557208856,0.008,0.008,1.0,0.04,1,0.03
2024-03-04 12:00:00,BTCUSDT,152.56447112794473,154.09011583922418,151.03882641666527,152.56447112794473,1840,56,0.008,0.004,155.61576055050364,149.51318170538582,151.801648772305,151.03882641666527,0.008,0.008,1.0,0.04,1,0.03
2024-03-04 13:00:00,BTCUSDT,151.49651983004912,153.01148502834965,149.98155463174862,151.49651983004912,1850,56,-0.007,-0.0035,154.5264502266501,148.46658943344815,150.73903723089887,149.98155463174862,-0.007,0.007,1.0,0.04,1,0.03
2024-03-04 14:00:00,BTCUSDT,152.70849198868953,154.23557690857643,151.18140706880263,152.70849198868953,1860,56,0.008,0.004,155.76266182846334,149.65432214891572,151.9449495287461,151.18140706880263,0.008,0.008,1.0,0.04,1,0.03
2024-03-04 15:00:00,BTCUSDT,153.93015992459905,155.46946152384504,152.3908583253531,153.93015992459905,1870,56,0.008,0.004,157.00876312309103,150.85155672610708,153.16050912497604,152.3908583253531,0.008,0.008,1.0,0.04,1,0.03
2024-03-04 16:00:00,BTCUSDT,155.16160120399584,156.71321721603582,153.60998519195587,155.16160120399584,1880,56,0.008,0.004,158.26483322807576,152.05836917991593,154.38579319797586,153.60998519195587,0.008,0.008,1.35,0.04,1,0.03
2024-03-04 17:00:00,BTCUSDT,156.40289401362782,157.96692295376408,154.83886507349155,156.40289401362782,1890,56,0.008,0.004,159.53095189390038,153.27483613335525,155.62087954355968,154.83886507349155,0.008,0.008,1.0,0.04,1,0.03
2024-03-04 18:00:00,BTCUSDT,155.30807375553243,156.86115449308775,153.7549930179771,155.30807375553243,1900,56,-0.007,-0.0035,158.41423523064307,152.2019122804218,154.53153338675477,153.7549930179771,-0.007,0.007,1.0,0.2,2,0.16
2024-03-04 19:00:00,BTCUSDT,156.55053834557668,158.11604372903244,154.98503296212093,156.55053834557668,1910,32,0.008,0.004,159.68154911248823,153.41952757866514,155.7677856538488,154.98503296212093,0.008,0.008,1.0,0.04,1,0.03
2024-03-04 20:00:00,BTCUSDT,157.8029426523413,159.38097207886472,156.2249132258179,157.8029426523413,1920,56,0.008,0.004,160.95900150538813,154.64688379929447,157.0139279390796,156.2249132258179,0.008,0.008,1.0,0.04,1,0.03
2024-03-04 21:00:00,BTCUSDT,159.06536619356004,160.65601985549563,157.47471253162445,159.06536619356004,1930,56,0.008,0.004,162.24667351743125,155.88405886968883,158.27003936259223,157.47471253162445,0.008,0.008,1.0,0.04,1,0.03
2024-03-04 22:00:00,BTCUSDT,160.3378891231085,161.94126801433958,158.73451023187744,160.3378891231085,1940,56,0.008,0.004,163.5446469055707,157.13113134064633,159.53619967749296,158.73451023187744,0.008,0.008,1.0,0.04,1,0.03
2024-03-04 23:00:00,BTCUSDT,159.21552389924676,160.80767913823922,157.6233686602543,159.21552389924676,1950,56,-0.007,-0.0035,162.3998343772317,156.0312134212618,158.41944627975053,157.6233686602543,-0.007,0.007,1.0,0.04,1,0.03
2024-03-05 00:00:00,BTCUSDT,160.48924809044073,162.09414057134512,158.88435560953633,160.48924809044073,1960,56,0.008,0.004,163.69903305224955,157.2794631286319,159.6868018499885,158.88435560953633,0.008,0.008,1.0,0.04,1,0.03
2024-03-05 01:00:00,BTCUSDT,161.7731620751643,163.3908936959159,160.15543045441262,161.7731620751643,1970,56,0.008,0.004,165.00862531666755,158.53769883366098,160.96429626478843,160.15543045441262,0.008,0.008,1.0,0.04,1,0.03
2024-03-05 02:00:00,BTCUSDT,163.06734737176558,164.69802084548323,161.43667389804793,163.06734737176558,1980,56,0.008,0.004,166.3286943192009,159.80600042433025,162.25201063490675,161.43667389804793,0.008,0.008,1.0,0.04,1,0.03
2024-03-05 03:00:00,BTCUSDT,164.3718861507397,166.0156050122471,162.7281672892323,164.3718861507397,1990,56,0.008,0.004,167.6593238737545,161.0844484277249,163.550026719986,162.7281672892323,0.008,0.008,1.35,0.2,2,0.16
2024-03-05 04:00:00,BTCUSDT,163.22128294768453,164.85349577716138,161.58907011820767,163.22128294768453,2000,56,-0.007,-0.0035,166.4857086066382,159.95685728873084,162.40517653294611,161.58907011820767,-0.007,0.007,1.0,0.04,1,0.03
2024-03-05 05:00:00,BTCUSDT,164.527053211266,166.17232374337868,162.88178267915333,164.527053211266,2010,56,0.008,0.004,167.81759427549133,161.23651214704068,163.70441794520968,162.88178267915333,0.008,0.008,1.0,0.04,1,0.03
2024-03-05 06:00:00,BTCUSDT,165.84326963695614,167.5017023333257,164.18483694058656,165.84326963695614,2020,56,0.008,0.004,169.16013502969523,162.52640424421702,165.01405328877135,164.18483694058656,0.008,0.008,1.0,0.04,1,0.03
2024-03-05 07:00:00,BTCUSDT,167.17001579405178,168.84171595199228,165.49831563611127,167.17001579405178,2030,56,0.008,0.004,170.51341610993282,163.82661547817074,166.33416571508153,165.49831563611127,0.008,0.008,1.0,0.04,1,0.03
2024-03-05 08:00:00,BTCUSDT,168.5073759204042,170.19244967960825,166.82230216120016,168.5073759204042,2040,32,0.008,0.004,171.8775234388123,165.1372284019961,167.66483904080218,166.82230216120016,0.008,0.008,1.0,0.04,1,0.03
2024-03-05 09:00:00,BTCUSDT,167.32782428896138,169.001102531851,165.65454604607177,167.32782428896138,2050,56,-0.007,-0.0035,170.6743807747406,163.98126780318216,166.49118516751656,165.65454604607177,-0.007,0.007,1.0,0.04,1,0.03
2024-03-05 10:00:00,BTCUSDT,168.66644688327307,170.3531113521058,166.97978241444034,168.66644688327307,2060,56,0.008,0.004,172.03977582093853,165.2931179456076,167.8231146488567,166.97978241444034,0.008,0.008,1.0,0.04,1,0.03
2024-03-05 11:00:00,BTCUSDT,170.01577845833924,171.71593624292262,168.31562067375586,170.01577845833924,2070,56,0.008,0.004,173.41609402750603,166.61546288917245,169.16569956604755,168.31562067375586,0.008,0.008,1.0,0.04,1,0.03
2024-03-05 12:00:00,BTCUSDT,171.37590468600595,173.089663732866,169.6621456391459,171.37590468600595,2080,56,0.008,0.004,174.80342277972608,167.94838659228583,170.51902516257593,169.6621456391459,0.008,0.008,1.0,0.2,2,0.16
2024-03-05 13:00:00,BTCUSDT,172.746911923494,174.47438104272894,171.01944280425906,172.746911923494,2090,56,0.008,0.004,176.20185016196388,169.29197368502412,171.8831773638765,171.01944280425906,0.008,0.008,1.0,0.04,1,0.03
2024-03-05 14:00:00,BTCUSDT,171.53768354002955,173.25306037542984,169.82230670462926,171.53768354002955,2100,56,-0.007,-0.0035,174.96843721083013,168.10692986922896,170.6799951223294,169.82230670462926,-0.007,0.007,1.35,0.04,1,0.03
2024-03-05 15:00:00,BTCUSDT,172.9099850083498,174.63908485843328,171.1808851582663,172.9099850083498,2110,56,0.008,0.004,176.3681847085168,169.4517853081828,172.04543508330804,171.1808851582663,0.008,0.008,1.0,0.04,1,0.03
2024-03-05 16:00:00,BTCUSDT,174.2932648884166,176.03619753730075,172.55033223953242,174.2932648884166,2120,56,0.008,0.004,177.77913018618491,170.80739959064826,173.4217985639745,172.55033223953242,0.008,0.008,1.0,0.04,1,0.03
2024-03-05 17:00:00,BTCUSDT,175.6876110075239,177.44448711759915,173.93073489744867,175.6876110075239,2130,56,0.008,0.004,179.2013632276744,172.17385878737343,174.80917295248628,173.93073489744867,0.008,0.008,1.0,0.04,1,0.03
2024-03-05 18:00:00,BTCUSDT,177.09311189558412,178.86404301453996,175.32218077662827,177.09311189558412,2140,56,0.008,0.004,180.6349741334958,173.55124965767243,176.2076463361062,175.32218077662827,0.008,0.008,1.0,0.04,1,0.03
2024-03-05 19:00:00,BTCUSDT,175.85346011231502,177.61199471343818,174.09492551119186,175.85346011231502,2150,56,-0.007,-0.0035,179.3705293145613,172.33639091006873,174.97419281175345,174.09492551119186,-0.007,0.007,1.0,0.04,1,0.03
2024-03-05 20:00:00,BTCUSDT,177.26028779321354,179.03289067114568,175.4876849152814,177.26028779321354,2160,56,0.008,0.004,180.80549354907785,173.71508203734925,176.37398635424748,175.4876849152814,0.008,0.008,1.0,0.04,1,0.03
2024-03-05 21:00:00,BTCUSDT,178.67837009555925,180.46515379651484,176.89158639460365,178.67837009555925,2170,32,0.008,0.004,182.25193749747044,175.10480269364805,177.78497824508145,176.89158639460365,0.008,0.008,1.0,0.2,2,0.16
2024-03-05 22:00:00,BTCUSDT,180.10779705632373,181.90887502688696,178.3067190857605,180.10779705632373,2180,56,0.008,0.004,183.70995299745024,176.50564111519725,179.2072580710421,178.3067190857605,0.008,0.008,1.0,0.04,1,0.03
2024-03-05 23:00:00,BTCUSDT,181.54865943277431,183.36414602710207,179.73317283844656,181.54865943277431,2190,56,0.008,0.004,185.17963262142985,177.9176862441188,180.64091613561044,179.73317283844656,0.008,0.008,1.0,0.04,1,0.03
2024-03-01 00:00:00,ETHUSDT,99.3,100.293,98.307,99.3,1000,32,-0.007,-0.0035,101.286,97.314,98.8035,98.307,-0.007,0.007,1.35,0.2,2,0.16
2024-03-01 01:00:00,ETHUSDT,99.8958,100.894758,98.896842,99.8958,1010,56,0.006,0.003,101.893716,97.897884,99.396321,98.896842,0.006,0.006,1.0,0.04,1,0.03
2024-03-01 02:00:00,ETHUSDT,100.4951748,101.500126548,99.490223052,100.4951748,1020,56,0.006,0.003,102.505078296,98.485271304,99.992698926,99.490223052,0.006,0.006,1.0,0.04,1,0.03
2024-03-01 03:00:00,ETHUSDT,101.0981458488,102.109127307288,100.087164390312,101.0981458488,1030,56,0.006,0.003,103.120108765776,99.076182931824,100.592655119556,100.087164390312,0.006,0.006,1.0,0.04,1,0.03
2024-03-01 04:00:00,ETHUSDT,101.7047347238928,102.72178207113171,100.68768737665388,101.7047347238928,1040,56,0.006,0.003,103.73882941837066,99.67064002941494,101.19621105027332,100.68768737665388,0.006,0.006,1.0,0.04,1,0.03
2024-03-01 05:00:00,ETHUSDT,100.99280158082554,102.0027295966338,99.98287356501729,100.99280158082554,1050,56,-0.007,-0.0035,103.01265761244206,98.97294554920904,100.48783757292142,99.98287356501729,-0.007,0.007,1.0,0.04,1,0.03
2024-03-01 06:00:00,ETHUSDT,101.5987583903105,102.6147459742136,100.58277080640738,101.5987583903105,1060,56,0.006,0.003,103.6307335581167,99.56678322250428,101.09076459835894,100.58277080640738,0.006,0.006,1.0,0.04,1,0.03
2024-03-01 07:00:00,ETHUSDT,102.20835094065237,103.23043445005888,101.18626743124582,102.20835094065237,1070,56,0.006,0.003,104.2525179594654,100.1641839218393,101.6973091859491,101.18626743124582,0.006,0.006,1.0,0.04,1,0.03
2024-03-01 08:00:00,ETHUSDT,102.82160104629628,103.84981705675924,101.7933850358333,102.82160104629628,1080,56,0.006,0.003,104.8780330672222,100.76516902537034,102.3074930410648,101.7933850358333,0.006,0.006,1.0,0.04,1,0.03
2024-03-01 09:00:00,ETHUSDT,103.43853065257404,104.47291595909978,102.40414534604832,103.43853065257404,1090,56,0.006,0.003,105.50730126562551,101.36976003952256,102.92133799931118,102.40414534604832,0.006,0.006,1.0,0.2,2,0.16
2024-03-01 10:00:00,ETHUSDT,102.71446093800604,103.74160554738609,101.68731632862595,102.71446093800604,1100,56,-0.007,-0.0035,104.76875015676616,100.66017171924592,102.200888633316,101.68731632862595,-0.007,0.007,1.0,0.04,1,0.03
2024-03-01 11:00:00,ETHUSDT,103.33074770363406,104.3640551806704,102.29744022659771,103.33074770363406,1110,56,0.006,0.003,105.39736265770674,101.26413274956138,102.81409396511587,102.29744022659771,0.006,0.006,1.35,0.04,1,0.03
2024-03-01 12:00:00,ETHUSDT,103.95073218985588,104.99023951175442,102.91122486795732,103.95073218985588,1120,56,0.006,0.003,106.029746833653,101.87171754605876,103.4309785289066,102.91122486795732,0.006,0.006,1.0,0.04,1,0.03
2024-03-01 13:00:00,ETHUSDT,104.574436582995,105.62018094882497,103.52869221716506,104.574436582995,1130,32,0.006,0.003,106.66592531465491,102.4829478513351,104.05156440008004,103.52869221716506,0.006,0.006,1.0,0.04,1,0.03
2024-03-01 14:00:00,ETHUSDT,105.20188320249298,106.2539020345179,104.14986437046804,105.20188320249298,1140,56,0.006,0.003,107.30592086654283,103.09784553844312,104.67587378648052,104.14986437046804,0.006,0.006,1.0,0.04,1,0.03
2024-03-01 15:00:00,ETHUSDT,104.46547002007551,105.51012472027628,103.42081531987478,104.46547002007551,1150,56,-0.007,-0.0035,106.55477942047705,102.376160619674,103.94314266997516,103.42081531987478,-0.007,0.007,1.0,0.04,1,0.03
2024-03-01 16:00:00,ETHUSDT,105.092262840196,106.14318546859796,104.04134021179402,105.092262840196,1160,56,0.006,0.003,107.19410809699993,102.99041758339206,104.566801525995,104.04134021179402,0.006,0.006,1.0,0.04,1,0.03
2024-03-01 17:00:00,ETHUSDT,105.72281641723715,106.78004458140953,104.66558825306478,105.72281641723715,1170,56,0.006,0.003,107.8372727455819,103.6083600888924,105.19420233515096,104.66558825306478,0.006,0.006,1.0,0.04,1,0.03
2024-03-01 18:00:00,ETHUSDT,106.35715331574058,107.42072484889798,105.29358178258316,106.35715331574058,1180,56,0.006,0.003,108.4842963820554,104.23001024942576,105.82536754916188,105.29358178258316,0.006,0.006,1.0,0.2,2,0.16
2024-03-01 19:00:00,ETHUSDT,106.99529623563502,108.06524919799138,105.92534327327868,106.99529623563502,1190,56,0.006,0.003,109.13520216034772,104.85539031092232,106.46031975445683,105.92534327327868,0.006,0.006,1.0,0.04,1,0.03
2024-03-01 20:00:00,ETHUSDT,106.2463291619856,107.30879245360543,105.18386587036572,106.2463291619856,1200,56,-0.007,-0.0035,108.3712557452253,104.12140257874589,105.71509751617566,105.18386587036572,-0.007,0.007,1.0,0.04,1,0.03
2024-03-01 21:00:00,ETHUSDT,106.8838071369575,107.95264520832708,105.81496906558792,106.8838071369575,1210,56,0.006,0.003,109.02148327969664,104.74613099421836,106.34938810127272,105.81496906558792,0.006,0.006,1.0,0.04,1,0.03
2024-03-01 22:00:00,ETHUSDT,107.52510997977924,108.60036107957704,106.44985887998143,107.52510997977924,1220,56,0.006,0.003,109.67561217937484,105.37460778018364,106.98748442988035,106.44985887998143,0.006,0.006,1.35,0.04,1,0.03
2024-03-01 23:00:00,ETHUSDT,108.17026063965793,109.2519632460545,107.08855803326136,108.17026063965793,1230,56,0.006,0.003,110.33366585245108,106.00685542686476,107.62940933645964,107.08855803326136,0.006,0.006,1.0,0.04,1,0.03
2024-03-02 00:00:00,ETHUSDT,108.81928220349587,109.90747502553084,107.73108938146092,108.81928220349587,1240,56,0.006,0.003,110.9956678475658,106.64289655942596,108.2751857924784,107.73108938146092,0.006,0.006,1.0,0.04,1,0.03
2024-03-02 01:00:00,ETHUSDT,108.0575472280714,109.13812270035211,106.97697175579069,108.0575472280714,1250,56,-0.007,-0.0035,110.21869817263284,105.89639628350996,107.51725949193104,106.97697175579069,-0.007,0.007,1.0,0.04,1,0.03
2024-03-02 02:00:00,ETHUSDT,108.70589251143984,109.79295143655423,107.61883358632542,108.70589251143984,1260,32,0.006,0.003,110.88001036166862,106.53177466121105,108.16236304888264,107.61883358632542,0.006,0.006,1.0,0.04,1,0.03
2024-03-02 03:00:00,ETHUSDT,109.35812786650848,110.45170914517357,108.26454658784338,109.35812786650848,1270,56,0.006,0.003,111.54529042383864,107.1709653091783,108.81133722717593,108.26454658784338,0.006,0.006,1.0,0.2,2,0.16
2024-03-02 04:00:00,ETHUSDT,110.01427663370752,111.1144194000446,108.91413386737044,110.01427663370752,1280,56,0.006,0.003,112.21456216638168,107.81399110103337,109.46420525053898,108.91413386737044,0.006,0.006,1.0,0.04,1,0.03
2024-03-02 05:00:00,ETHUSDT,110.67436229350976,111.78110591644489,109.56761867057467,110.67436229350976,1290,56,0.006,0.003,112.88784953937996,108.46087504763958,110.12099048204225,109.56761867057467,0.006,0.006,1.0,0.04,1,0.03
2024-03-02 06:00:00,ETHUSDT,109.8996417574552,110.99863817502975,108.80064533988065,109.8996417574552,1300,56,-0.007,-0.0035,112.09763459260432,107.70164892230608,109.35014354866792,108.80064533988065,-0.007,0.007,1.0,0.04,1,0.03
2024-03-02 07:00:00,ETHUSDT,110.55903960799994,111.66463000407994,109.45344921191992,110.55903960799994,1310,56,0.006,0.003,112.77022040015994,108.34785881583991,110.00624440995992,109.45344921191992,0.006,0.006,1.0,0.04,1,0.03
2024-03-02 08:00:00,ETHUSDT,111.22239384564791,112.3346177841044,110.11016990719143,111.22239384564791,1320,56,0.006,0.003,113.44684172256088,108.99794596873495,110.66628187641967,110.11016990719143,0.006,0.006,1.0,0.04,1,0.03
2024-03-02 09:00:00,ETHUSDT,111.88972820872182,113.00862549080904,110.7708309266346,111.88972820872182,1330,56,0.006,0.003,114.12752277289626,109.65193364454738,111.3302795676782,110.7708309266346,0.006,0.006,1.35,0.04,1,0.03
2024-03-02 10:00:00,ETHUSDT,112.56106657797416,113.68667724375388,111.4354559121944,112.56106657797416,1340,56,0.006,0.003,114.81228790953364,110.30984524641464,111.99826124508428,111.4354559121944,0.006,0.006,1.0,0.04,1,0.03
2024-03-02 11:00:00,ETHUSDT,111.77313911192832,112.8908705030476,110.65540772080904,111.77313911192832,1350,56,-0.007,-0.0035,114.0086018941669,109.53767632968976,111.21427341636868,110.65540772080904,-0.007,0.007,1.0,0.04,1,0.03
2024-03-02 12:00:00,ETHUSDT,112.4437779465999,113.5682157260659,111.31934016713387,112.4437779465999,1360,56,0.006,0.003,114.6926535055319,110.1949023876679,111.88155905686688,111.31934016713387,0.006,0.006,1.0,0.2,2,0.16
2024-03-02 13:00:00,ETHUSDT,113.11844061427948,114.24962502042229,111.9872562081367,113.11844061427948,1370,56,0.006,0.003,115.38080942656508,110.8560718019939,112.55284841120807,111.9872562081367,0.006,0.006,1.0,0.04,1,0.03
2024-03-02 14:00:00,ETHUSDT,113.79715125796515,114.93512277054482,112.65917974538552,113.79715125796515,1380,56,0.006,0.003,116.07309428312448,111.52120823280586,113.22816550167536,112.65917974538552,0.006,0.006,1.0,0.04,1,0.03
2024-03-02 15:00:00,ETHUSDT,114.47993416551296,115.62473350716807,113.33513482385784,114.47993416551296,1390,32,0.006,0.003,116.76953284882322,112.1903354822027,113.9075344946854,113.33513482385784,0.006,0.006,1.0,0.04,1,0.03
2024-03-02 16:00:00,ETHUSDT,113.67857462635436,114.8153603726179,112.54178888009082,113.67857462635436,1400,56,-0.007,-0.0035,115.95214611888144,111.40500313382728,113.1101817532226,112.54178888009082,-0.007,0.007,1.0,0.04,1,0.03
2024-03-02 17:00:00,ETHUSDT,114.3606460741125,115.50425253485362,113.21703961337136,114.3606460741125,1410,56,0.006,0.003,116.64785899559476,112.07343315263024,113.78884284374192,113.21703961337136,0.006,0.006,1.0,0.04,1,0.03
2024-03-02 18:00:00,ETHUSDT,115.04680995055718,116.19727805006276,113.8963418510516,115.04680995055718,1420,56,0.006,0.003,117.34774614956832,112.74587375154604,114.4715759008044,113.8963418510516,0.006,0.006,1.0,0.04,1,0.03
2024-03-02 19:00:00,ETHUSDT,115.73709081026053,116.89446171836312,114.57971990215792,115.73709081026053,1430,56,0.006,0.003,118.05183262646574,113.42234899405533,115.15840535620924,114.57971990215792,0.006,0.006,1.0,0.04,1,0.03
2024-03-02 20:00:00,ETHUSDT,116.43151335512208,117.59582848867332,115.26719822157088,116.43151335512208,1440,56,0.006,0.003,118.76014362222452,114.10288308801964,115.84935578834649,115.26719822157088,0.006,0.006,1.35,0.04,1,0.03
2024-03-02 21:00:00,ETHUSDT,115.61649276163624,116.7726576892526,114.46032783401988,115.61649276163624,1450,56,-0.007,-0.0035,117.92882261686896,113.3041629064035,115.03841029782804,114.46032783401988,-0.007,0.007,1.0,0.2,2,0.16
2024-03-02 22:00:00,ETHUSDT,116.31019171820606,117.47329363538812,115.147089801024,116.31019171820606,1460,56,0.006,0.003,118.63639555257018,113.98398788384192,115.72864075961502,115.147089801024,0.006,0.006,1.0,0.04,1,0.03
2024-03-02 23:00:00,ETHUSDT,117.00805286851528,118.17813339720044,115.83797233983016,117.00805286851528,1470,56,0.006,0.003,119.3482139258856,114.66789181114498,116.42301260417273,115.83797233983016,0.006,0.006,1.0,0.04,1,0.03
2024-03-03 00:00:00,ETHUSDT,117.7101011857264,118.88720219758363,116.53300017386913,117.7101011857264,1480,56,0.006,0.003,120.06430320944092,115.35589916201184,117.12155067979776,116.53300017386913,0.006,0.006,1.0,0.04,1,0.03
2024-03-03 01:00:00,ETHUSDT,118.41636179284076,119.60052541076917,117.23219817491234,118.41636179284076,1490,56,0.006,0.003,120.78468902869756,116.04803455698394,117.82427998387654,117.23219817491234,0.006,0.006,1.0,0.04,1,0.03
2024-03-03 02:00:00,ETHUSDT,117.58744726029086,118.76332173289376,116.41157278768794,117.58744726029086,1500,56,-0.007,-0.0035,119.93919620549669,115.23569831508505,116.9995100239894,116.41157278768794,-0.007,0.007,1.0,0.04,1,0.03
2024-03-03 03:00:00,ETHUSDT,118.2929719438526,119.47590166329114,117.11004222441407,118.2929719438526,1510,56,0.006,0.003,120.65883138272966,115.92711250497555,117.70150708413334,117.11004222441407,0.006,0.006,1.0,0.04,1,0.03
2024-03-03 04:00:00,ETHUSDT,119.00272977551572,120.19275707327088,117.81270247776057,119.00272977551572,1520,32,0.006,0.003,121.38278437102603,116.6226751800054,118.40771612663814,117.81270247776057,0.006,0.006,1.0,0.04,1,0.03
2024-03-03 05:00:00,ETHUSDT,119.71674615416882,120.91391361571053,118.51957869262712,119.71674615416882,1530,56,0.006,0.003,122.1110810772522,117.32241123108544,119.11816242339798,118.51957869262712,0.006,0.006,1.0,0.04,1,0.03
2024-03-03 06:00:00,ETHUSDT,120.43504663109384,121.63939709740475,119.23069616478288,120.43504663109384,1540,56,0.006,0.003,122.84374756371572,118.02634569847194,119.83287139793836,119.23069616478288,0.006,0.006,1.0,0.2,2,0.16
2024-03-03 07:00:00,ETHUSDT,119.59200130467616,120.78792131772292,118.3960812916294,119.59200130467616,1550,56,-0.007,-0.0035,121.98384133076968,117.20016127858266,118.9940412981528,118.3960812916294,-0.007,0.007,1.35,0.04,1,0.03
2024-03-03 08:00:00,ETHUSDT,120.30955331250424,121.51264884562929,119.1064577793792,120.30955331250424,1560,56,0.006,0.003,122.71574437875432,117.90336224625416,119.70800554594172,119.1064577793792,0.006,0.006,1.0,0.04,1,0.03
2024-03-03 09:00:00,ETHUSDT,121.03141063237926,122.24172473870306,119.82109652605548,121.03141063237926,1570,56,0.006,0.003,123.45203884502683,118.61078241973168,120.42625357921736,119.82109652605548,0.006,0.006,1.0,0.04,1,0.03
2024-03-03 10:00:00,ETHUSDT,121.75759909617354,122.97517508713528,120.5400231052118,121.75759909617354,1580,56,0.006,0.003,124.192751078097,119.32244711425008,121.14881110069268,120.5400231052118,0.006,0.006,1.0,0.04,1,0.03
2024-03-03 11:00:00,ETHUSDT,122.48814469075056,123.71302613765808,121.26326324384308,122.48814469075056,1590,56,0.006,0.003,124.9379075845656,120.03838179693555,121.8757039672968,121.26326324384308,0.006,0.006,1.0,0.04,1,0.03
2024-03-03 12:00:00,ETHUSDT,121.63072767791532,122.84703495469446,120.41442040113616,121.63072767791532,1600,56,-0.007,-0.0035,124.06334223147364,119.198113124357,121.02257403952574,120.41442040113616,-0.007,0.007,1.0,0.04,1,0.03
2024-03-03 13:00:00,ETHUSDT,122.3605120439828,123.58411716442264,121.13690692354298,122.3605120439828,1610,56,0.006,0.003,124.80772228486246,119.91330180310317,121.7487094837629,121.13690692354298,0.006,0.006,1.0,0.04,1,0.03
2024-03-03 14:00:00,ETHUSDT,123.0946751162467,124.32562186740915,121.86372836508424,123.0946751162467,1620,56,0.006,0.003,125.55656861857165,120.63278161392176,122.47920174066547,121.86372836508424,0.006,0.006,1.0,0.04,1,0.03
2024-03-03 15:00:00,ETHUSDT,123.8332431669442,125.07157559861363,122.59491073527474,123.8332431669442,1630,56,0.006,0.003,126.30990803028308,121.3565783036053,123.21407695110946,122.59491073527474,0.006,0.006,1.0,0.2,2,0.16
2024-03-03 16:00:00,ETHUSDT,124.57624262594584,125.82200505220533,123.3304801996864,124.57624262594584,1640,56,0.006,0.003,127.06776747846476,122.08471777342692,123.95336141281612,123.3304801996864,0.006,0.006,1.0,0.04,1,0.03
2024-03-03 17:00:00,ETHUSDT,123.70420892756422,124.94125101683989,122.46716683828858,123.70420892756422,1650,32,-0.007,-0.0035,126.1782931061155,121.23012474901294,123.0856878829264,122.46716683828858,-0.007,0.007,1.0,0.04,1,0.03
2024-03-03 18:00:00,ETHUSDT,124.4464341811296,125.6908985229409,123.20196983931832,124.4464341811296,1660,56,0.006,0.003,126.9353628647522,121.957505497507,123.82420201022396,123.20196983931832,0.006,0.006,1.35,0.04,1,0.03
2024-03-03 19:00:00,ETHUSDT,125.1931127862164,126.44504391407855,123.94118165835422,125.1931127862164,1670,56,0.006,0.003,127.69697504194072,122.68925053049206,124.5671472222853,123.94118165835422,0.006,0.006,1.0,0.04,1,0.03
2024-03-03 20:00:00,ETHUSDT,125.94427146293368,127.20371417756304,124.68482874830434,125.94427146293368,1680,56,0.006,0.003,128.46315689219236,123.425386033675,125.31455010561902,124.68482874830434,0.006,0.006,1.0,0.04,1,0.03
2024-03-03 21:00:00,ETHUSDT,126.69993709171128,127.9669364626284,125.43293772079416,126.69993709171128,1690,56,0.006,0.003,129.23393583354553,124.16593834987708,126.06643740625272,125.43293772079416,0.006,0.006,1.0,0.04,1,0.03
2024-03-03 22:00:00,ETHUSDT,125.81303753206932,127.07116790739,124.55490715674864,125.81303753206932,1700,56,-0.007,-0.0035,128.3292982827107,123.29677678142792,125.18397234440896,124.55490715674864,-0.007,0.007,1.0,0.04,1,0.03
2024-03-03 23:00:00,ETHUSDT,126.56791575726172,127.83359491483436,125.30223659968912,126.56791575726172,1710,56,0.006,0.003,129.09927407240696,124.03655744211648,125.93507617847544,125.30223659968912,0.006,0.006,1.0,0.04,1,0.03
2024-03-04 00:00:00,ETHUSDT,127.3273232518053,128.60059648432335,126.05405001928725,127.3273232518053,1720,56,0.006,0.003,129.8738697168414,124.7807767867692,126.69068663554629,126.05405001928725,0.006,0.006,1.0,0.2,2,0.16
2024-03-04 01:00:00,ETHUSDT,128.09128719131613,129.3722000632293,126.81037431940295,128.09128719131613,1730,56,0.006,0.003,130.65311293514245,125.5294614474898,127.45083075535956,126.81037431940295,0.006,0.006,1.0,0.04,1,0.03
2024-03-04 02:00:00,ETHUSDT,128.85983491446402,130.14843326360867,127.57123656531938,128.85983491446402,1740,56,0.006,0.003,131.4370316127533,126.28263821617472,128.2155357398917,127.57123656531938,0.006,0.006,1.0,0.04,1,0.03
2024-03-04 03:00:00,ETHUSDT,127.95781607006276,129.2373942307634,126.67823790936214,127.95781607006276,1750,56,-0.007,-0.0035,130.516972391464,125.3986597486615,127.31802698971244,126.67823790936214,-0.007,0.007,1.0,0.04,1,0.03
2024-03-04 04:00:00,ETHUSDT,128.72556296648315,130.01281859614798,127.43830733681833,128.72556296648315,1760,56,0.006,0.003,131.3000742258128,126.15105170715348,128.08193515165073,127.43830733681833,0.006,0.006,1.0,0.04,1,0.03
2024-03-04 05:00:00,ETHUSDT,129.49791634428206,130.7928955077249,128.20293718083923,129.49791634428206,1770,56,0.006,0.003,132.0878746711677,126.9079580173964,128.85042676256066,128.20293718083923,0.006,0.006,1.35,0.04,1,0.03
2024-03-04 06:00:00,ETHUSDT,130.27490384234775,131.57765288077124,128.97215480392427,130.27490384234775,1780,32,0.006,0.003,132.88040191919472,127.6694057655008,129.623529323136,128.97215480392427,0.006,0.006,1.0,0.04,1,0.03
2024-03-04 07:00:00,ETHUSDT,131.05655326540185,132.36711879805586,129.74598773274784,131.05655326540185,1790,56,0.006,0.003,133.6776843307099,128.4354222000938,130.40127049907483,129.74598773274784,0.006,0.006,1.0,0.04,1,0.03
2024-03-04 08:00:00,ETHUSDT,130.13915739254404,131.44054896646946,128.8377658186186,130.13915739254404,1800,56,-0.007,-0.0035,132.74194054039492,127.53637424469316,129.4884616055813,128.8377658186186,-0.007,0.007,1.0,0.04,1,0.03
2024-03-04 09:00:00,ETHUSDT,130.9199923368993,132.2291922602683,129.6107924135303,130.9199923368993,1810,56,0.006,0.003,133.53839218363728,128.3015924901613,130.2653923752148,129.6107924135303,0.006,0.006,1.0,0.2,2,0.16
2024-03-04 10:00:00,ETHUSDT,131.7055122909207,133.0225674138299,130.38845716801148,131.7055122909207,1820,56,0.006,0.003,134.3396225367391,129.07140204510227,131.0469847294661,130.38845716801148,0.006,0.006,1.0,0.04,1,0.03
2024-03-04 11:00:00,ETHUSDT,132.49574536466622,133.8207028183129,131.17078791101954,132.49574536466622,1830,56,0.006,0.003,135.14566027195954,129.8458304573729,131.83326663784288,131.17078791101954,0.006,0.006,1.0,0.04,1,0.03
2024-03-04 12:00:00,ETHUSDT,133.2907198368542,134.62362703522274,131.95781263848568,133.2907198368542,1840,56,0.006,0.003,135.9565342335913,130.62490544011712,132.62426623766993,131.95781263848568,0.006,0.006,1.0,0.04,1,0.03
2024-03-04 13:00:00,ETHUSDT,132.35768479799623,133.68126164597618,131.03410795001628,132.35768479799623,1850,56,-0.007,-0.0035,135.00483849395616,129.7105311020363,131.69589637400625,131.03410795001628,-0.007,0.007,1.0,0.04,1,0.03
2024-03-04 14:00:00,ETHUSDT,133.1518309067842,134.48334921585203,131.82031259771637,133.1518309067842,1860,56,0.006,0.003,135.8148675249199,130.4887942886485,132.48607175225027,131.82031259771637,0.006,0.006,1.0,0.04,1,0.03
2024-03-04 15:00:00,ETHUSDT,133.9507418922249,135.29024931114714,132.61123447330266,133.9507418922249,1870,56,0.006,0.003,136.6297567300694,131.2717270543804,133.28098818276376,132.61123447330266,0.006,0.006,1.0,0.04,1,0.03
2024-03-04 16:00:00,ETHUSDT,134.75444634357825,136.10199080701403,133.40690188014247,134.75444634357825,1880,56,0.006,0.003,137.4495352704498,132.0593574167067,134.08067411186036,133.40690188014247,0.006,0.006,1.35,0.04,1,0.03
2024-03-04 17:00:00,ETHUSDT,135.56297302163972,136.91860275185613,134.2073432914233,135.56297302163972,1890,56,0.006,0.003,138.2742324820725,132.85171356120694,134.88515815653153,134.2073432914233,0.006,0.006,1.0,0.04,1,0.03
2024-03-04 18:00:00,ETHUSDT,134.61403221048823,135.9601725325931,133.26789188838336,134.61403221048823,1900,56,-0.007,-0.0035,137.306312854698,131.92175156627846,133.9409620494358,133.26789188838336,-0.007,0.007,1.0,0.2,2,0.16
2024-03-04 19:00:00,ETHUSDT,135.42171640375116,136.77593356778868,134.06749923971364,135.42171640375116,1910,32,0.006,0.003,138.13015073182618,132.71328207567615,134.74460782173242,134.06749923971364,0.006,0.006,1.0,0.04,1,0.03
2024-03-04 20:00:00,ETHUSDT,136.23424670217366,137.5965891691954,134.87190423515193,136.23424670217366,1920,56,0.006,0.003,138.95893163621713,133.5095617681302,135.5530754686628,134.87190423515193,0.006,0.006,1.0,0.04,1,0.03
2024-03-04 21:00:00,ETHUSDT,137.0516521823867,138.42216870421058,135.68113566056283,137.0516521823867,1930,56,0.006,0.003,139.79268522603445,134.31061913873896,136.36639392147478,135.68113566056283,0.006,0.006,1.0,0.04,1,0.03
2024-03-04 22:00:00,ETHUSDT,137.87396209548103,139.25270171643584,136.49522247452623,137.87396209548103,1940,56,0.006,0.003,140.63144133739067,135.1164828535714,137.18459228500362,136.49522247452623,0.006,0.006,1.0,0.04,1,0.03
2024-03-04 23:00:00,ETHUSDT,136.90884436081268,138.2779328044208,135.53975591720456,136.90884436081268,1950,56,-0.007,-0.0035,139.64702124802895,134.1706674735964,136.22430013900862,135.53975591720456,-0.007,0.007,1.0,0.04,1,0.03
2024-03-05 00:00:00,ETHUSDT,137.73029742697756,139.10760040124734,136.35299445270778,137.73029742697756,1960,56,0.006,0.003,140.48490337551712,134.975691478438,137.04164593984268,136.35299445270778,0.006,0.006,1.0,0.04,1,0.03
2024-03-05 01:00:00,ETHUSDT,138.55667921153943,139.94224600365482,137.17111241942405,138.55667921153943,1970,56,0.006,0.003,141.32781279577023,135.78554562730864,137.86389581548173,137.17111241942405,0.006,0.006,1.0,0.04,1,0.03
2024-03-05 02:00:00,ETHUSDT,139.38801928680866,140.78189947967675,137.99413909394056,139.38801928680866,1980,56,0.006,0.003,142.17577967254482,136.6002589010725,138.6910791903746,137.99413909394056,0.006,0.006,1.0,0.04,1,0.03
2024-03-05 03:00:00,ETHUSDT,140.2243474025295,141.6265908765548,138.82210392850422,140.2243474025295,1990,56,0.006,0.003,143.0288343505801,137.4198604544789,139.52322566551686,138.82210392850422,0.006,0.006,1.35,0.2,2,0.16
2024-03-05 04:00:00,ETHUSDT,139.2427769707118,140.6352047404189,137.85034920100466,139.2427769707118,2000,56,-0.007,-0.0035,142.02763251012604,136.45792143129754,138.54656308585822,137.85034920100466,-0.007,0.007,1.0,0.04,1,0.03
2024-03-05 05:00:00,ETHUSDT,140.07823363253607,141.47901596886143,138.6774512962107,140.07823363253607,2010,56,0.006,0.003,142.8797983051868,137.27666895988534,139.3778424643734,138.6774512962107,0.006,0.006,1.0,0.04,1,0.03
2024-03-05 06:00:00,ETHUSDT,140.9187030343313,142.3278900646746,139.50951600398798,140.9187030343313,2020,56,0.006,0.003,143.73707709501792,138.10032897364465,140.21410951915962,139.50951600398798,0.006,0.006,1.0,0.04,1,0.03
2024-03-05 07:00:00,ETHUSDT,141.76421525253727,143.18185740506263,140.3465731000119,141.76421525253727,2030,56,0.006,0.003,144.59949955758802,138.92893094748652,141.05539417627458,140.3465731000119,0.006,0.006,1.0,0.04,1,0.03
2024-03-05 08:00:00,ETHUSDT,142.61480054405249,144.040948549493,141.18865253861196,142.61480054405249,2040,32,0.006,0.003,145.46709655493353,139.76250453317144,141.9017265413322,141.18865253861196,0.006,0.006,1.0,0.04,1,0.03
2024-03-05 09:00:00,ETHUSDT,141.6164969402441,143.03266190964655,140.20033197084166,141.6164969402441,2050,56,-0.007,-0.0035,144.448826879049,138.78416700143922,140.9084144555429,140.20033197084166,-0.007,0.007,1.0,0.04,1,0.03
2024-03-05 10:00:00,ETHUSDT,142.46619592188557,143.89085788110444,141.0415339626667,142.46619592188557,2060,56,0.006,0.003,145.31551984032328,139.61687200344787,141.75386494227615,141.0415339626667,0.006,0.006,1.0,0.04,1,0.03
2024-03-05 11:00:00,ETHUSDT,143.32099309741687,144.75420302839103,141.88778316644272,143.32099309741687,2070,56,0.006,0.003,146.18741295936522,140.45457323546853,142.6043881319298,141.88778316644272,0.006,0.006,1.0,0.04,1,0.03
2024-03-05 12:00:00,ETHUSDT,144.1809190560014,145.6227282465614,142.73910986544138,144.1809190560014,2080,56,0.006,0.003,147.06453743712143,141.29730067488134,143.46001446072137,142.73910986544138,0.006,0.006,1.0,0.2,2,0.16
2024-03-05 13:00:00,ETHUSDT,145.0460045703374,146.49646461604078,143.59554452463402,145.0460045703374,2090,56,0.006,0.003,147.94692466174416,142.14508447893064,144.3207745474857,143.59554452463402,0.006,0.006,1.0,0.04,1,0.03
2024-03-05 14:00:00,ETHUSDT,144.03068253834505,145.4709893637285,142.5903757129616,144.03068253834505,2100,56,-0.007,-0.0035,146.91129618911194,141.15006888757816,143.31052912565332,142.5903757129616,-0.007,0.007,1.35,0.04,1,0.03
2024-03-05 15:00:00,ETHUSDT,144.8948666335751,146.34381529991086,143.44591796723935,144.8948666335751,2110,56,0.006,0.003,147.7927639662466,141.9969693009036,144.17039230040723,143.44591796723935,0.006,0.006,1.0,0.04,1,0.03
2024-03-05 16:00:00,ETHUSDT,145.76423583337657,147.22187819171032,144.30659347504275,145.76423583337657,2120,56,0.006,0.003,148.6795205500441,142.848951116709,145.03541465420966,144.30659347504275,0.006,0.006,1.0,0.04,1,0.03
2024-03-05 17:00:00,ETHUSDT,146.6388212483768,148.10520946086058,145.17243303589305,146.6388212483768,2130,56,0.006,0.003,149.57159767334434,143.7060448234093,145.90562714213493,145.17243303589305,0.006,0.006,1.0,0.04,1,0.03
2024-03-05 18:00:00,ETHUSDT,147.51865417586708,148.99384071762574,146.04346763410842,147.51865417586708,2140,56,0.006,0.003,150.46902725938443,144.56828109234974,146.78106090498775,146.04346763410842,0.006,0.006,1.0,0.04,1,0.03
2024-03-05 19:00:00,ETHUSDT,146.48602359663602,147.9508838326024,145.02116336066965,146.48602359663602,2150,56,-0.007,-0.0035,149.41574406856873,143.5563031247033,145.75359347865285,145.02116336066965,-0.007,0.007,1.0,0.04,1,0.03
2024-03-05 20:00:00,ETHUSDT,147.36493973821584,148.838589135598,145.89129034083368,147.36493973821584,2160,56,0.006,0.003,150.31223853298016,144.41764094345152,146.62811503952477,145.89129034083368,0.006,0.006,1.0,0.04,1,0.03
2024-03-05 21:00:00,ETHUSDT,148.24912937664513,149.7316206704116,146.76663808287867,148.24912937664513,2170,32,0.006,0.003,151.21411196417804,145.2841467891122,147.50788372976191,146.76663808287867,0.006,0.006,1.0,0.2,2,0.16
2024-03-05 22:00:00,ETHUSDT,149.138624152905,150.63001039443407,147.64723791137595,149.138624152905,2180,56,0.006,0.003,152.12139663596312,146.1558516698469,148.3929310321405,147.64723791137595,0.006,0.006,1.0,0.04,1,0.03
2024-03-05 23:00:00,ETHUSDT,150.03345589782245,151.5337904568007,148.5331213388442,150.03345589782245,2190,56,0.006,0.003,153.0341250157789,147.032786779866,149.28328861833333,148.5331213388442,0.006,0.006,1.0,0.04,1,0.03
2024-03-01 00:00:00,FETUSDT,99.3,100.293,98.307,99.3,1000,32,-0.007,-0.0035,101.286,97.314,98.8035,98.307,-0.007,0.007,1.35,0.2,2,0.16
2024-03-01 01:00:00,FETUSDT,100.6902,101.697102,99.683298,100.6902,1010,56,0.014,0.007,102.704004,98.676396,100.186749,99.683298,0.014,0.014,1.0,0.04,1,0.03
2024-03-01 02:00:00,FETUSDT,102.0998628,103.120861428,101.078864172,102.0998628,1020,56,0.014,0.007,104.141860056,100.057865544,101.589363486,101.078864172,0.014,0.014,1.0,0.04,1,0.03
2024-03-01 03:00:00,FETUSDT,103.5292608792,104.564553487992,102.493968270408,103.5292608792,1030,56,0.014,0.007,105.599846096784,101.458675661616,103.011614574804,102.493968270408,0.014,0.014,1.0,0.04,1,0.03
2024-03-01 04:00:00,FETUSDT,104.9786705315088,106.0284572368239,103.92888382619373,104.9786705315088,1040,56,0.014,0.007,107.07824394213898,102.87909712087864,104.45377717885128,103.92888382619373,0.014,0.014,1.0,0.04,1,0.03
2024-03-01 05:00:00,FETUSDT,104.24381983778824,105.28625803616612,103.20138163941036,104.24381983778824,1050,56,-0.007,-0.0035,106.328696234544,102.15894344103248,103.72260073859933,103.20138163941036,-0.007,0.007,1.0,0.04,1,0.03
2024-03-01 06:00:00,FETUSDT,105.7032333155173,106.76026564867249,104.64620098236212,105.7032333155173,1060,56,0.014,0.007,107.81729798182764,103.58916864920695,105.1747171489397,104.64620098236212,0.014,0.014,1.0,0.04,1,0.03
2024-03-01 07:00:00,FETUSDT,107.18307858193454,108.25490936775388,106.1112477961152,107.18307858193454,1070,56,0.014,0.007,109.32674015357324,105.03941701029584,106.64716318902488,106.1112477961152,0.014,0.014,1.0,0.04,1,0.03
2024-03-01 08:00:00,FETUSDT,108.68364168208164,109.77047809890244,107.5968052652608,108.68364168208164,1080,56,0.014,0.007,110.85731451572326,106.50996884844,108.1402234736712,107.5968052652608,0.014,0.014,1.0,0.04,1,0.03
2024-03-01 09:00:00,FETUSDT,110.20521266563075,111.30726479228709,109.10316053897446,110.20521266563075,1090,56,0.014,0.007,112.4093169189434,108.00110841231816,109.65418660230262,109.10316053897446,0.014,0.014,1.0,0.2,2,0.16
2024-03-01 10:00:00,FETUSDT,109.43377617697136,110.52811393874106,108.33943841520164,109.43377617697136,1100,56,-0.007,-0.0035,111.62245170051078,107.24510065343192,108.8866072960865,108.33943841520164,-0.007,0.007,1.0,0.04,1,0.03
2024-03-01 11:00:00,FETUSDT,110.96584904344896,112.07550753388344,109.85619055301449,110.96584904344896,1110,56,0.014,0.007,113.18516602431794,108.74653206257996,110.4110197982317,109.85619055301449,0.014,0.014,1.35,0.04,1,0.03
2024-03-01 12:00:00,FETUSDT,112.51937093005724,113.6445646393578,111.39417722075666,112.51937093005724,1120,56,0.014,0.007,114.7697583486584,110.26898351145609,111.95677407540695,111.39417722075666,0.014,0.014,1.0,0.04,1,0.03
2024-03-01 13:00:00,FETUSDT,114.09464212307805,115.2355885443088,112.95369570184724,114.09464212307805,1130,32,0.014,0.007,116.3765349655396,111.81274928061649,113.52416891246264,112.95369570184724,0.014,0.014,1.0,0.04,1,0.03
2024-03-01 14:00:00,FETUSDT,115.69196711280112,116.84888678392912,114.53504744167311,115.69196711280112,1140,56,0.014,0.007,118.00580645505715,113.37812777054508,115.11350727723712,114.53504744167311,0.014,0.014,1.0,0.04,1,0.03
2024-03-01 15:00:00,FETUSDT,114.88212334301151,116.03094457644164,113.7333021095814,114.88212334301151,1150,56,-0.007,-0.0035,117.17976580987175,112.58448087615128,114.30771272629646,113.7333021095814,-0.007,0.007,1.0,0.04,1,0.03
2024-03-01 16:00:00,FETUSDT,116.49047306981367,117.6553778005118,115.32556833911552,116.49047306981367,1160,56,0.014,0.007,118.82028253120995,114.1606636084174,115.9080207044646,115.32556833911552,0.014,0.014,1.0,0.04,1,0.03
2024-03-01 17:00:00,FETUSDT,118.12133969279108,119.30255308971898,116.94012629586317,118.12133969279108,1170,56,0.014,0.007,120.48376648664689,115.75891289893524,117.53073299432712,116.94012629586317,0.014,0.014,1.0,0.04,1,0.03
2024-03-01 18:00:00,FETUSDT,119.77503844849016,120.97278883297506,118.57728806400524,119.77503844849016,1180,56,0.014,0.007,122.17053921745996,117.37953767952034,119.1761632562477,118.57728806400524,0.014,0.014,1.0,0.2,2,0.16
2024-03-01 19:00:00,FETUSDT,121.45188898676902,122.66640787663673,120.23737009690132,121.45188898676902,1190,56,0.014,0.007,123.8809267665044,119.02285120703364,120.84462954183518,120.23737009690132,0.014,0.014,1.0,0.04,1,0.03
2024-03-01 20:00:00,FETUSDT,120.60172576386164,121.80774302150026,119.39570850622302,120.60172576386164,1200,56,-0.007,-0.0035,123.01376027913888,118.1896912485844,119.99871713504233,119.39570850622302,-0.007,0.007,1.0,0.04,1,0.03
2024-03-01 21:00:00,FETUSDT,122.2901499245557,123.51305142380126,121.06724842531015,122.2901499245557,1210,56,0.014,0.007,124.73595292304682,119.8443469260646,121.67869917493292,121.06724842531015,0.014,0.014,1.0,0.04,1,0.03
2024-03-01 22:00:00,FETUSDT,124.00221202349948,125.24223414373448,122.76218990326448,124.00221202349948,1220,56,0.014,0.007,126.48225626396948,121.52216778302947,123.382200963382,122.76218990326448,0.014,0.014,1.35,0.04,1,0.03
2024-03-01 23:00:00,FETUSDT,125.73824299182849,126.99562542174677,124.4808605619102,125.73824299182849,1230,56,0.014,0.007,128.25300785166505,123.2234781319919,125.10955177686932,124.4808605619102,0.014,0.014,1.0,0.04,1,0.03
2024-03-02 00:00:00,FETUSDT,127.49857839371408,128.77356417765122,126.22359260977692,127.49857839371408,1240,56,0.014,0.007,130.04854996158835,124.9486068258398,126.86108550174548,126.22359260977692,0.014,0.014,1.0,0.04,1,0.03
2024-03-02 01:00:00,FETUSDT,126.60608834495808,127.87214922840764,125.34002746150848,126.60608834495808,1250,56,-0.007,-0.0035,129.13821011185723,124.0739665780589,125.97305790323328,125.34002746150848,-0.007,0.007,1.0,0.04,1,0.03
2024-03-02 02:00:00,FETUSDT,128.3785735817875,129.66235931760536,127.09478784596962,128.3785735817875,1260,32,0.014,0.007,130.94614505342324,125.81100211015172,127.73668071387856,127.09478784596962,0.014,0.014,1.0,0.04,1,0.03
2024-03-02 03:00:00,FETUSDT,130.17587361193253,131.47763234805186,128.8741148758132,130.17587361193253,1270,56,0.014,0.007,132.77939108417118,127.57235613969388,129.52499424387287,128.8741148758132,0.014,0.014,1.0,0.2,2,0.16
2024-03-02 04:00:00,FETUSDT,131.9983358424996,133.31831920092458,130.6783524840746,131.9983358424996,1280,56,0.014,0.007,134.63830255934957,129.3583691256496,131.33834416328708,130.6783524840746,0.014,0.014,1.0,0.04,1,0.03
2024-03-02 05:00:00,FETUSDT,133.8463125442946,135.18477566973755,132.50784941885163,133.8463125442946,1290,56,0.014,0.007,136.52323879518048,131.1693862934087,133.1770809815731,132.50784941885163,0.014,0.014,1.0,0.04,1,0.03
2024-03-02 06:00:00,FETUSDT,132.90938835648453,134.23848224004936,131.5802944729197,132.90938835648453,1300,56,-0.007,-0.0035,135.56757612361423,130.25120058935482,132.2448414147021,131.5802944729197,-0.007,0.007,1.0,0.04,1,0.03
2024-03-02 07:00:00,FETUSDT,134.77011979347532,136.11782099141007,133.42241859554056,134.77011979347532,1310,56,0.014,0.007,137.46552218934482,132.0747173976058,134.09626919450793,133.42241859554056,0.014,0.014,1.0,0.04,1,0.03
2024-03-02 08:00:00,FETUSDT,136.65690147058396,138.0234704852898,135.29033245587812,136.65690147058396,1320,56,0.014,0.007,139.39003949999565,133.92376344117227,135.97361696323105,135.29033245587812,0.014,0.014,1.0,0.04,1,0.03
2024-03-02 09:00:00,FETUSDT,138.57009809117213,139.95579907208386,137.1843971102604,138.57009809117213,1330,56,0.014,0.007,141.34150005299557,135.79869612934868,137.87724760071626,137.1843971102604,0.014,0.014,1.35,0.04,1,0.03
2024-03-02 10:00:00,FETUSDT,140.51007946444855,141.91518025909303,139.10497866980407,140.51007946444855,1340,56,0.014,0.007,143.32028105373752,137.6998778751596,139.8075290671263,139.10497866980407,0.014,0.014,1.0,0.04,1,0.03
2024-03-02 11:00:00,FETUSDT,139.5265089081974,140.9217739972794,138.1312438191154,139.5265089081974,1350,56,-0.007,-0.0035,142.31703908636135,136.73597873003345,138.8288763636564,138.1312438191154,-0.007,0.007,1.0,0.04,1,0.03
2024-03-02 12:00:00,FETUSDT,141.47988003291218,142.8946788332413,140.06508123258303,141.47988003291218,1360,56,0.014,0.007,144.30947763357042,138.65028243225393,140.77248063274763,140.06508123258303,0.014,0.014,1.0,0.2,2,0.16
2024-03-02 13:00:00,FETUSDT,143.46059835337294,144.8952043369067,142.0259923698392,143.46059835337294,1370,56,0.014,0.007,146.3298103204404,140.5913863863055,142.74329536160607,142.0259923698392,0.014,0.014,1.0,0.04,1,0.03
2024-03-02 14:00:00,FETUSDT,145.46904673032017,146.92373719762338,144.01435626301696,145.46904673032017,1380,56,0.014,0.007,148.3784276649266,142.55966579571376,144.74170149666858,144.01435626301696,0.014,0.014,1.0,0.04,1,0.03
2024-03-02 15:00:00,FETUSDT,147.50561338454466,148.9806695183901,146.03055725069922,147.50561338454466,1390,32,0.014,0.007,150.45572565223554,144.55550111685378,146.76808531762194,146.03055725069922,0.014,0.014,1.0,0.04,1,0.03
2024-03-02 16:00:00,FETUSDT,163.73123085684458,165.36854316541303,162.09391854827612,163.73123085684458,1400,56,0.11,0.055,167.00585547398148,160.45660623970767,162.91257470256036,162.09391854827612,0.11,0.11,1.0,0.04,1,0.03
2024-03-02 17:00:00,FETUSDT,181.74166625109748,183.55908291360845,179.92424958858652,181.74166625109748,1410,56,0.11,0.055,185.37649957611944,178.10683292607553,180.832957919842,179.92424958858652,0.11,0.11,1.0,0.04,1,0.03
2024-03-02 18:00:00,FETUSDT,201.7332495387182,203.7505820341054,199.71591704333105,201.7332495387182,1420,56,0.11,0.055,205.76791452949257,197.69858454794385,200.72458329102463,199.71591704333105,0.11,0.11,1.0,0.04,1,0.03
2024-03-02 19:00:00,FETUSDT,204.55751503226028,206.6030901825829,202.51193988193768,204.55751503226028,1430,56,0.014,0.007,208.6486653329055,200.46636473161507,203.534727457099,202.51193988193768,0.014,0.014,1.0,0.04,1,0.03
2024-03-02 20:00:00,FETUSDT,207.42132024271197,209.49553344513907,205.3471070402848,207.42132024271197,1440,56,0.014,0.007,211.56974664756615,203.2728938378577,206.3842136414984,205.3471070402848,0.014,0.014,1.35,0.04,1,0.03
2024-03-02 21:00:00,FETUSDT,205.96937100101292,208.02906471102307,203.9096772910028,205.96937100101292,1450,56,-0.007,-0.0035,210.0887584210332,201.84998358099267,204.93952414600787,203.9096772910028,-0.007,0.007,1.0,0.2,2,0.16
2024-03-02 22:00:00,FETUSDT,208.85294219502717,210.94147161697745,206.76441277307688,208.85294219502717,1460,56,0.014,0.007,213.03000103892768,204.6758833511266,207.808677484052,206.76441277307688,0.014,0.014,1.0,0.04,1,0.03
2024-03-02 23:00:00,FETUSDT,211.77688338575751,213.8946522196151,209.65911455189996,211.77688338575751,1470,56,0.014,0.007,216.01242105347268,207.54134571804235,210.71799896882877,209.65911455189996,0.014,0.014,1.0,0.04,1,0.03
2024-03-03 00:00:00,FETUSDT,214.7417597531581,216.8891773506897,212.59434215562652,214.7417597531581,1480,56,0.014,0.007,219.0365949482213,210.44692455809496,213.6680509543924,212.59434215562652,0.014,0.014,1.0,0.04,1,0.03
2024-03-03 01:00:00,FETUSDT,217.7481443897024,219.92562583359936,215.5706629458053,217.7481443897024,1490,56,0.014,0.007,222.1031072774964,213.39318150190832,216.65940366775385,215.5706629458053,0.014,0.014,1.0,0.04,1,0.03
2024-03-03 02:00:00,FETUSDT,216.22390737897445,218.3861464527642,214.0616683051847,216.22390737897445,1500,56,-0.007,-0.0035,220.54838552655397,211.89942923139492,215.1427878420796,214.0616683051847,-0.007,0.007,1.0,0.04,1,0.03
2024-03-03 03:00:00,FETUSDT,219.2510420822801,221.4435525031029,217.0585316614573,219.2510420822801,1510,56,0.014,0.007,223.6360629239257,214.8660212406345,218.15478687186868,217.0585316614573,0.014,0.014,1.0,0.04,1,0.03
2024-03-03 04:00:00,FETUSDT,222.32055667143203,224.54376223814637,220.0973511047177,222.32055667143203,1520,32,0.014,0.007,226.76696780486068,217.87414553800335,221.2089538880749,220.0973511047177,0.014,0.014,1.0,0.04,1,0.03
2024-03-03 05:00:00,FETUSDT,225.43304446483208,227.6873749094804,223.17871402018372,225.43304446483208,1530,56,0.014,0.007,229.94170535412871,220.92438357553544,224.30587924250796,223.17871402018372,0.014,0.014,1.0,0.04,1,0.03
2024-03-03 06:00:00,FETUSDT,228.58910708733973,230.87499815821312,226.30321601646637,228.58910708733973,1540,56,0.014,0.007,233.1608892290865,224.0173249455929,227.44616155190303,226.30321601646637,0.014,0.014,1.0,0.2,2,0.16
2024-03-03 07:00:00,FETUSDT,226.98898333772837,229.2588731711056,224.71909350435104,226.98898333772837,1550,56,-0.007,-0.0035,231.52876300448293,222.44920367097376,225.8540384210397,224.71909350435104,-0.007,0.007,1.35,0.04,1,0.03
2024-03-03 08:00:00,FETUSDT,230.16682910445653,232.46849739550112,227.865160813412,230.16682910445653,1560,56,0.014,0.007,234.77016568654568,225.56349252236743,229.01599495893427,227.865160813412,0.014,0.014,1.0,0.04,1,0.03
2024-03-03 09:00:00,FETUSDT,233.3891647119189,235.7230563590381,231.0552730647997,233.3891647119189,1570,56,0.014,0.007,238.0569480061573,228.72138141768056,232.22221888835932,231.0552730647997,0.014,0.014,1.0,0.04,1,0.03
2024-03-03 10:00:00,FETUSDT,236.6566130178858,239.02317914806463,234.29004688770692,236.6566130178858,1580,56,0.014,0.007,241.3897452782435,231.9234807575281,235.4733299527964,234.29004688770692,0.014,0.014,1.0,0.04,1,0.03
2024-03-03 11:00:00,FETUSDT,239.9698056001362,242.3695036561376,237.57010754413483,239.9698056001362,1590,56,0.014,0.007,244.7692017121389,235.17040948813343,238.76995657213556,237.57010754413483,0.014,0.014,1.0,0.04,1,0.03
2024-03-03 12:00:00,FETUSDT,238.29001696093525,240.6729171305446,235.9071167913259,238.29001696093525,1600,56,-0.007,-0.0035,243.055817300154,233.52421662171653,237.09856687613055,235.9071167913259,-0.007,0.007,1.0,0.04,1,0.03
2024-03-03 13:00:00,FETUSDT,241.62607719838837,244.04233797037224,239.20981642640447,241.62607719838837,1610,56,0.014,0.007,246.4585987423561,236.79355565442057,240.4179468123964,239.20981642640447,0.014,0.014,1.0,0.04,1,0.03
2024-03-03 14:00:00,FETUSDT,245.00884227916575,247.45893070195743,242.55875385637407,245.00884227916575,1620,56,0.014,0.007,249.9090191247491,240.10866543358244,243.78379806776996,242.55875385637407,0.014,0.014,1.0,0.04,1,0.03
2024-03-03 15:00:00,FETUSDT,248.4389660710741,250.92335573178485,245.95457641036336,248.4389660710741,1630,56,0.014,0.007,253.4077453924956,243.4701867496526,247.19677124071876,245.95457641036336,0.014,0.014,1.0,0.2,2,0.16
2024-03-03 16:00:00,FETUSDT,251.91711159606916,254.43628271202985,249.39794048010845,251.91711159606916,1640,56,0.014,0.007,256.95545382799054,246.87876936414776,250.6575260380888,249.39794048010845,0.014,0.014,1.0,0.04,1,0.03
2024-03-03 17:00:00,FETUSDT,250.15369181489663,252.6552287330456,247.6521548967477,250.15369181489663,1650,32,-0.007,-0.0035,255.1567656511946,245.15061797859872,248.90292335582217,247.6521548967477,-0.007,0.007,1.0,0.04,1,0.03
2024-03-03 18:00:00,FETUSDT,253.6558435003052,256.1924019353083,251.11928506530217,253.6558435003052,1660,56,0.014,0.007,258.7289603703113,248.5827266302991,252.3875642828037,251.11928506530217,0.014,0.014,1.35,0.04,1,0.03
2024-03-03 19:00:00,FETUSDT,257.2070253093095,259.7790955624026,254.6349550562164,257.2070253093095,1670,56,0.014,0.007,262.3511658154957,252.06288480312327,255.9209901827629,254.6349550562164,0.014,0.014,1.0,0.04,1,0.03
2024-03-03 20:00:00,FETUSDT,260.8079236636398,263.4160029002762,258.1998444270034,260.8079236636398,1680,56,0.014,0.007,266.0240821369126,255.59176519036703,259.5038840453216,258.1998444270034,0.014,0.014,1.0,0.04,1,0.03
2024-03-03 21:00:00,FETUSDT,264.4592345949308,267.1038269408801,261.81464224898144,264.4592345949308,1690,56,0.014,0.007,269.7484192868294,259.1700499030321,263.13693842195613,261.81464224898144,0.014,0.014,1.0,0.04,1,0.03
2024-03-03 22:00:00,FETUSDT,262.60801995276626,265.23410015229393,259.9819397532386,262.60801995276626,1700,56,-0.007,-0.0035,267.8601803518216,257.3558595537109,261.2949798530024,259.9819397532386,-0.007,0.007,1.0,0.04,1,0.03
2024-03-03 23:00:00,FETUSDT,266.284532232105,268.94737755442605,263.62168690978393,266.284532232105,1710,56,0.014,0.007,271.6102228767471,260.95884158746287,264.9531095709445,263.62168690978393,0.014,0.014,1.0,0.04,1,0.03
2024-03-04 00:00:00,FETUSDT,270.0125156833545,272.71264084018804,267.3123905265209,270.0125156833545,1720,56,0.014,0.007,275.41276599702155,264.6122653696874,268.6624531049377,267.3123905265209,0.014,0.014,1.0,0.2,2,0.16
2024-03-04 01:00:00,FETUSDT,273.79269090292144,276.53061781195066,271.0547639938922,273.79269090292144,1730,56,0.014,0.007,279.2685447209799,268.316837084863,272.42372744840685,271.0547639938922,0.014,0.014,1.0,0.04,1,0.03
2024-03-04 02:00:00,FETUSDT,277.62578857556235,280.402046461318,274.8495306898067,277.62578857556235,1740,56,0.014,0.007,283.1783043470736,272.0732728040511,276.23765963268454,274.8495306898067,0.014,0.014,1.0,0.04,1,0.03
2024-03-04 03:00:00,FETUSDT,275.6824080555334,278.4392321360888,272.92558397497805,275.6824080555334,1750,56,-0.007,-0.0035,281.1960562166441,270.16875989442275,274.30399601525573,272.92558397497805,-0.007,0.007,1.0,0.04,1,0.03
2024-03-04 04:00:00,FETUSDT,279.5419617683109,282.33738138599404,276.74654215062776,279.5419617683109,1760,56,0.014,0.007,285.1328010036771,273.9511225329447,278.14425195946933,276.74654215062776,0.014,0.014,1.0,0.04,1,0.03
2024-03-04 05:00:00,FETUSDT,283.45554923306725,286.2901047253979,280.6209937407366,283.45554923306725,1770,56,0.014,0.007,289.1246602177286,277.7864382484059,282.0382714869019,280.6209937407366,0.014,0.014,1.35,0.04,1,0.03
2024-03-04 06:00:00,FETUSDT,287.42392692233017,290.2981661915535,284.54968765310684,287.42392692233017,1780,32,0.014,0.007,293.1724054607768,281.6754483838836,285.98680728771853,284.54968765310684,0.014,0.014,1.0,0.04,1,0.03
2024-03-04 07:00:00,FETUSDT,291.4478618992428,294.3623405182352,288.5333832802504,291.4478618992428,1790,56,0.014,0.007,297.2768191372277,285.61890466125794,289.9906225897466,288.5333832802504,0.014,0.014,1.0,0.04,1,0.03
2024-03-04 08:00:00,FETUSDT,289.4077268659481,292.3018041346076,286.51364959728863,289.4077268659481,1800,56,-0.007,-0.0035,295.1958814032671,283.61957232862915,287.9606882316184,286.51364959728863,-0.007,0.007,1.0,0.04,1,0.03
2024-03-04 09:00:00,FETUSDT,293.4594350420714,296.3940293924921,290.5248406916507,293.4594350420714,1810,56,0.014,0.007,299.32862374291284,287.59024634122994,291.992137866861,290.5248406916507,0.014,0.014,1.0,0.2,2,0.16
2024-03-04 10:00:00,FETUSDT,297.5678671326604,300.543545803987,294.5921884613338,297.5678671326604,1820,56,0.014,0.007,303.51922447531365,291.6165097900072,296.0800277969971,294.5921884613338,0.014,0.014,1.0,0.04,1,0.03
2024-03-04 11:00:00,FETUSDT,301.7338172725177,304.7511554452429,298.7164790997925,301.7338172725177,1830,56,0.014,0.007,307.76849361796803,295.69914092706733,300.2251481861551,298.7164790997925,0.014,0.014,1.0,0.04,1,0.03
2024-03-04 12:00:00,FETUSDT,305.9580907143329,309.01767162147627,302.89850980718955,305.9580907143329,1840,56,0.014,0.007,312.0772525286196,299.83892890004626,304.42830026076126,302.89850980718955,0.014,0.014,1.0,0.04,1,0.03
2024-03-04 13:00:00,FETUSDT,303.8163840793326,306.8545479201259,300.77822023853923,303.8163840793326,1850,56,-0.007,-0.0035,309.8927117609192,297.74005639774595,302.2973021589359,300.77822023853923,-0.007,0.007,1.0,0.04,1,0.03
2024-03-04 14:00:00,FETUSDT,308.0698134564432,311.15051159100767,304.9891153218788,308.0698134564432,1860,56,0.014,0.007,314.2312097255721,301.90841718731434,306.52946438916103,304.9891153218788,0.014,0.014,1.0,0.04,1,0.03
2024-03-04 15:00:00,FETUSDT,312.38279084483344,315.50661875328177,309.2589629363851,312.38279084483344,1870,56,0.014,0.007,318.6304466617301,306.1351350279368,310.82087689060927,309.2589629363851,0.014,0.014,1.0,0.04,1,0.03
2024-03-04 16:00:00,FETUSDT,316.7561499166611,319.9237114158277,313.5885884174945,316.7561499166611,1880,56,0.014,0.007,323.0912729149944,310.42102691832787,315.1723691670778,313.5885884174945,0.014,0.014,1.35,0.04,1,0.03
2024-03-04 17:00:00,FETUSDT,321.1907360154944,324.40264337564935,317.97882865533944,321.1907360154944,1890,56,0.014,0.007,327.6145507358043,314.7669212951845,319.58478233541695,317.97882865533944,0.014,0.014,1.0,0.04,1,0.03
2024-03-04 18:00:00,FETUSDT,318.942400863386,322.1318248720198,315.7529768547521,318.942400863386,1900,56,-0.007,-0.0035,325.3212488806537,312.5635528461182,317.347688859069,315.7529768547521,-0.007,0.007,1.0,0.2,2,0.16
2024-03-04 19:00:00,FETUSDT,323.4075944754734,326.64167042022814,320.17351853071864,323.4075944754734,1910,32,0.014,0.007,329.8757463649829,316.9394425859639,321.790556503096,320.17351853071864,0.014,0.014,1.0,0.04,1,0.03
2024-03-04 20:00:00,FETUSDT,327.93530079813,331.2146538061113,324.6559477901488,327.93530079813,1920,56,0.014,0.007,334.49400681409264,321.3765947821674,326.2956242941394,324.6559477901488,0.014,0.014,1.0,0.04,1,0.03
2024-03-04 21:00:00,FETUSDT,332.5263950093038,335.85165895939684,329.2011310592108,332.5263950093038,1930,56,0.014,0.007,339.1769229094899,325.87586710911773,330.8637630342573,329.2011310592108,0.014,0.014,1.0,0.04,1,0.03
2024-03-04 22:00:00,FETUSDT,337.1817645394341,340.55358218482843,333.80994689403974,337.1817645394341,1940,56,0.014,0.007,343.9253998302228,330.4381292486454,335.4958557167369,333.80994689403974,0.014,0.014,1.0,0.04,1,0.03
2024-03-04 23:00:00,FETUSDT,334.82149218765807,338.16970710953467,331.47327726578146,334.82149218765807,1950,56,-0.007,-0.0035,341.5179220314112,328.1250623439049,333.1473847267198,331.47327726578146,-0.007,0.007,1.0,0.04,1,0.03
2024-03-05 00:00:00,FETUSDT,339.5089930782853,342.90408300906813,336.11390314750247,339.5089930782853,1960,56,0.014,0.007,346.299172939851,332.7188132167196,337.81144811289386,336.11390314750247,0.014,0.014,1.0,0.04,1,0.03
2024-03-05 01:00:00,FETUSDT,344.2621189813813,347.7047401711951,340.8194977915675,344.2621189813813,1970,56,0.014,0.007,351.14736136100896,337.3768766017537,342.5408083864744,340.8194977915675,0.014,0.014,1.0,0.04,1,0.03
2024-03-05 02:00:00,FETUSDT,349.0817886471207,352.5726065335919,345.59097076064944,349.0817886471207,1980,56,0.014,0.007,356.0634244200631,342.10015287417826,347.3363797038851,345.59097076064944,0.014,0.014,1.0,0.04,1,0.03
2024-03-05 03:00:00,FETUSDT,353.9689336881804,357.5086230250621,350.42924435129856,353.9689336881804,1990,56,0.014,0.007,361.048312361944,346.8895550144168,352.19908901973946,350.42924435129856,0.014,0.014,1.35,0.2,2,0.16
2024-03-05 04:00:00,FETUSDT,351.4911511523631,355.0060626638867,347.9762396408395,351.4911511523631,2000,56,-0.007,-0.0035,358.52097417541034,344.46132812931586,349.73369539660126,347.9762396408395,-0.007,0.007,1.0,0.04,1,0.03
2024-03-05 05:00:00,FETUSDT,356.4120272684962,359.9761475411812,352.84790699581123,356.4120272684962,2010,56,0.014,0.007,363.5402678138661,349.2837867231263,354.6299671321537,352.84790699581123,0.014,0.014,1.0,0.04,1,0.03
2024-03-05 06:00:00,FETUSDT,361.4017956502552,365.0158136067577,357.7877776937526,361.4017956502552,2020,56,0.014,0.007,368.62983156326027,354.17375973725007,359.59478667200386,357.7877776937526,0.014,0.014,1.0,0.04,1,0.03
2024-03-05 07:00:00,FETUSDT,366.4614207893587,370.1260349972523,362.7968065814652,366.4614207893587,2030,56,0.014,0.007,373.7906492051459,359.1321923735716,364.629113685412,362.7968065814652,0.014,0.014,1.0,0.04,1,0.03
2024-03-05 08:00:00,FETUSDT,371.59188068040976,375.30779948721386,367.87596187360566,371.59188068040976,2040,32,0.014,0.007,379.023718294018,364.1600430668016,369.7339212770077,367.87596187360566,0.014,0.014,1.0,0.04,1,0.03
2024-03-05 09:00:00,FETUSDT,368.9907375156469,372.68064489080336,365.30083014049046,368.9907375156469,2050,56,-0.007,-0.0035,376.3705522659599,361.610922765334,367.1457838280687,365.30083014049046,-0.007,0.007,1.0,0.04,1,0.03
2024-03-05 10:00:00,FETUSDT,374.156607840866,377.89817391927465,370.41504176245735,374.156607840866,2060,56,0.014,0.007,381.6397399976833,366.6734756840487,372.2858248016617,370.41504176245735,0.014,0.014,1.0,0.04,1,0.03
2024-03-05 11:00:00,FETUSDT,379.39480035063815,383.1887483541445,375.60085234713176,379.39480035063815,2070,56,0.014,0.007,386.9826963576509,371.8069043436254,377.497826348885,375.60085234713176,0.014,0.014,1.0,0.04,1,0.03
2024-03-05 12:00:00,FETUSDT,384.7063275555471,388.55339083110255,380.8592642799916,384.7063275555471,2080,56,0.014,0.007,392.40045410665806,377.0122010044361,382.78279591776936,380.8592642799916,0.014,0.014,1.0,0.2,2,0.16
2024-03-05 13:00:00,FETUSDT,390.0922161413248,393.993138302738,386.1912939799115,390.0922161413248,2090,56,0.014,0.007,397.89406046415127,382.2903718184982,388.1417550606181,386.1912939799115,0.014,0.014,1.0,0.04,1,0.03
2024-03-05 14:00:00,FETUSDT,387.3615706283354,391.2351863346189,383.4879549220521,387.3615706283354,2100,56,-0.007,-0.0035,395.10880204090216,379.6143392157688,385.4247627751938,383.4879549220521,-0.007,0.007,1.35,0.04,1,0.03
2024-03-05 15:00:00,FETUSDT,392.78463261713216,396.7124789433035,388.8567862909608,392.78463261713216,2110,56,0.014,0.007,400.6403252694748,384.9289399647895,390.8207094540465,388.8567862909608,0.014,0.014,1.0,0.04,1,0.03
2024-03-05 16:00:00,FETUSDT,398.283617473772,402.26645364850975,394.3007812990343,398.283617473772,2120,56,0.014,0.007,406.24928982324747,390.3179451242966,396.2921993864032,394.3007812990343,0.014,0.014,1.0,0.04,1,0.03
2024-03-05 17:00:00,FETUSDT,403.8595881184049,407.8981839995889,399.8209922372208,403.8595881184049,2130,56,0.014,0.007,411.936779880773,395.7823963560368,401.8402901778129,399.8209922372208,0.014,0.014,1.0,0.04,1,0.03
2024-03-05 18:00:00,FETUSDT,409.51362235206255,413.6087585755832,405.41848612854193,409.51362235206255,2140,56,0.014,0.007,417.7038947991038,401.3233499050213,407.46605424030224,405.41848612854193,0.014,0.014,1.0,0.04,1,0.03
2024-03-05 19:00:00,FETUSDT,406.6470269955981,410.7134972655541,402.58055672564217,406.6470269955981,2150,56,-0.007,-0.0035,414.7799675355101,398.5140864556862,404.61379186062015,402.58055672564217,-0.007,0.007,1.0,0.04,1,0.03
2024-03-05 20:00:00,FETUSDT,412.3400853735365,416.4634862272719,408.2166845198012,412.3400853735365,2160,56,0.014,0.007,420.58688708100726,404.09328366606576,410.2783849466688,408.2166845198012,0.014,0.014,1.0,0.04,1,0.03
2024-03-05 21:00:00,FETUSDT,418.112846568766,422.2939750344537,413.9317181030784,418.112846568766,2170,32,0.014,0.007,426.47510350014136,409.7505896373907,416.02228233592217,413.9317181030784,0.014,0.014,1.0,0.2,2,0.16
2024-03-05 22:00:00,FETUSDT,423.9664264207288,428.206090684936,419.72676215652143,423.9664264207288,2180,56,0.014,0.007,432.4457549491433,415.4870978923142,421.8465942886251,419.72676215652143,0.014,0.014,1.0,0.04,1,0.03
2024-03-05 23:00:00,FETUSDT,429.9019563906189,434.2009759545251,425.6029368267127,429.9019563906189,2190,56,0.014,0.007,438.4999955184313,421.3039172628065,427.7524466086658,425.6029368267127,0.014,0.014,1.0,0.04,1,0.03
